QB,Brandon Allen,http://www.nfl.com/player/brandonallen/2555365/gamelogs?season=
QB,Derek Anderson,http://www.nfl.com/player/derekanderson/2506546/gamelogs?season=
QB,Matt Barkley,http://www.nfl.com/player/mattbarkley/2539308/gamelogs?season=
QB,Mike Bercovici,http://www.nfl.com/player/mikebercovici/2556794/gamelogs?season=
QB,McLeod Bethel-Thompson,http://www.nfl.com/player/mcleodbethel-thompson/2530750/gamelogs?season=
QB,Blake Bortles,http://www.nfl.com/player/blakebortles/2543477/gamelogs?season=
QB,Trevone Boykin,http://www.nfl.com/player/trevoneboykin/2556477/gamelogs?season=
QB,Sam Bradford,http://www.nfl.com/player/sambradford/497095/gamelogs?season=
QB,Tom Brady,http://www.nfl.com/player/tombrady/2504211/gamelogs?season=
QB,Tyler Bray,http://www.nfl.com/player/tylerbray/2540173/gamelogs?season=
QB,Drew Brees,http://www.nfl.com/player/drewbrees/2504775/gamelogs?season=
QB,Teddy Bridgewater,http://www.nfl.com/player/teddybridgewater/2543465/gamelogs?season=
QB,Jacoby Brissett,http://www.nfl.com/player/jacobybrissett/2555261/gamelogs?season=
QB,Joe Callahan,http://www.nfl.com/player/joecallahan/2556492/gamelogs?season=
QB,Derek Carr,http://www.nfl.com/player/derekcarr/2543499/gamelogs?season=
QB,Matt Cassel,http://www.nfl.com/player/mattcassel/2506562/gamelogs?season=
QB,Kellen Clemens,http://www.nfl.com/player/kellenclemens/2506895/gamelogs?season=
QB,Jake Coker,http://www.nfl.com/player/jakecoker/2556423/gamelogs?season=
QB,Connor Cook,http://www.nfl.com/player/connorcook/2555332/gamelogs?season=
QB,Kirk Cousins,http://www.nfl.com/player/kirkcousins/2532820/gamelogs?season=
QB,Jay Cutler,http://www.nfl.com/player/jaycutler/2495824/gamelogs?season=
QB,Andy Dalton,http://www.nfl.com/player/andydalton/2495143/gamelogs?season=
QB,Chase Daniel,http://www.nfl.com/player/chasedaniel/81284/gamelogs?season=
QB,Austin Davis,http://www.nfl.com/player/austindavis/2533349/gamelogs?season=
QB,Brandon Doughty,http://www.nfl.com/player/brandondoughty/2555302/gamelogs?season=
QB,Jeff Driskel,http://www.nfl.com/player/jeffdriskel/2555262/gamelogs?season=
QB,Zac Dysert,http://www.nfl.com/player/zacdysert/2539258/gamelogs?season=
QB,David Fales,http://www.nfl.com/player/davidfales/2543751/gamelogs?season=
QB,Ryan Fitzpatrick,http://www.nfl.com/player/ryanfitzpatrick/2506581/gamelogs?season=
QB,Joe Flacco,http://www.nfl.com/player/joeflacco/382/gamelogs?season=
QB,Nick Foles,http://www.nfl.com/player/nickfoles/2532842/gamelogs?season=
QB,Blaine Gabbert,http://www.nfl.com/player/blainegabbert/2495441/gamelogs?season=
QB,Jimmy Garoppolo,http://www.nfl.com/player/jimmygaroppolo/2543801/gamelogs?season=
QB,Mike Glennon,http://www.nfl.com/player/mikeglennon/2539275/gamelogs?season=
QB,Jared Goff,http://www.nfl.com/player/jaredgoff/2555334/gamelogs?season=
QB,Bruce Gradkowski,http://www.nfl.com/player/brucegradkowski/2495838/gamelogs?season=
QB,Garrett Grayson,http://www.nfl.com/player/garrettgrayson/2552371/gamelogs?season=
QB,Ryan Griffin,http://www.nfl.com/player/ryangriffin/2541185/gamelogs?season=
QB,Robert Griffin III,http://www.nfl.com/player/robertgriffiniii/2533033/gamelogs?season=
QB,Christian Hackenberg,http://www.nfl.com/player/christianhackenberg/2555416/gamelogs?season=
QB,Jake Heaps,http://www.nfl.com/player/jakeheaps/2553890/gamelogs?season=
QB,Taylor Heinicke,http://www.nfl.com/player/taylorheinicke/2553656/gamelogs?season=
QB,Chad Henne,http://www.nfl.com/player/chadhenne/252/gamelogs?season=
QB,Shaun Hill,http://www.nfl.com/player/shaunhill/2504833/gamelogs?season=
QB,Kevin Hogan,http://www.nfl.com/player/kevinhogan/2555263/gamelogs?season=
QB,Brian Hoyer,http://www.nfl.com/player/brianhoyer/81294/gamelogs?season=
QB,Brett Hundley,http://www.nfl.com/player/bretthundley/2552588/gamelogs?season=
QB,Jerrod Johnson,http://www.nfl.com/player/jerrodjohnson/2495181/gamelogs?season=
QB,Josh Johnson,http://www.nfl.com/player/joshjohnson/264/gamelogs?season=
QB,Cardale Jones,http://www.nfl.com/player/cardalejones/2555426/gamelogs?season=
QB,Landry Jones,http://www.nfl.com/player/landryjones/2539287/gamelogs?season=
QB,Colin Kaepernick,http://www.nfl.com/player/colinkaepernick/2495186/gamelogs?season=
QB,Case Keenum,http://www.nfl.com/player/casekeenum/2532888/gamelogs?season=
QB,Cody Kessler,http://www.nfl.com/player/codykessler/2555387/gamelogs?season=
QB,Thad Lewis,http://www.nfl.com/player/thadlewis/497121/gamelogs?season=
QB,Joe Licata,http://www.nfl.com/player/joelicata/2556897/gamelogs?season=
QB,Andrew Luck,http://www.nfl.com/player/andrewluck/2533031/gamelogs?season=
QB,Paxton Lynch,http://www.nfl.com/player/paxtonlynch/2555316/gamelogs?season=
QB,Ryan Mallett,http://www.nfl.com/player/ryanmallett/2495443/gamelogs?season=
QB,Eli Manning,http://www.nfl.com/player/elimanning/2505996/gamelogs?season=
QB,Sean Mannion,http://www.nfl.com/player/seanmannion/2552576/gamelogs?season=
QB,EJ Manuel,http://www.nfl.com/player/ejmanuel/2539228/gamelogs?season=
QB,Marcus Mariota,http://www.nfl.com/player/marcusmariota/2552466/gamelogs?season=
QB,AJ McCarron,http://www.nfl.com/player/ajmccarron/2543497/gamelogs?season=
QB,Josh McCown,http://www.nfl.com/player/joshmccown/2505076/gamelogs?season=
QB,Luke McCown,http://www.nfl.com/player/lukemccown/2506053/gamelogs?season=
QB,Colt McCoy,http://www.nfl.com/player/coltmccoy/497123/gamelogs?season=
QB,Matt McGloin,http://www.nfl.com/player/mattmcgloin/2542065/gamelogs?season=
QB,Zach Mettenberger,http://www.nfl.com/player/zachmettenberger/2543605/gamelogs?season=
QB,Kellen Moore,http://www.nfl.com/player/kellenmoore/2532917/gamelogs?season=
QB,Matt Moore,http://www.nfl.com/player/mattmoore/2507282/gamelogs?season=
QB,Stephen Morris,http://www.nfl.com/player/stephenmorris/2550376/gamelogs?season=
QB,Aaron Murray,http://www.nfl.com/player/aaronmurray/2543587/gamelogs?season=
QB,Ryan Nassib,http://www.nfl.com/player/ryannassib/2539961/gamelogs?season=
QB,Cam Newton,http://www.nfl.com/player/camnewton/2495455/gamelogs?season=
QB,Dan Orlovsky,http://www.nfl.com/player/danorlovsky/2506481/gamelogs?season=
QB,Brock Osweiler,http://www.nfl.com/player/brockosweiler/2533436/gamelogs?season=
QB,Carson Palmer,http://www.nfl.com/player/carsonpalmer/2505245/gamelogs?season=
QB,Bryce Petty,http://www.nfl.com/player/brycepetty/2552369/gamelogs?season=
QB,Christian Ponder,http://www.nfl.com/player/christianponder/2495215/gamelogs?season=
QB,Dak Prescott,http://www.nfl.com/player/dakprescott/2555260/gamelogs?season=
QB,Sean Renfree,http://www.nfl.com/player/seanrenfree/2540263/gamelogs?season=
QB,Bryn Renner,http://www.nfl.com/player/brynrenner/2550247/gamelogs?season=
QB,Philip Rivers,http://www.nfl.com/player/philiprivers/2506121/gamelogs?season=
QB,Aaron Rodgers,http://www.nfl.com/player/aaronrodgers/2506363/gamelogs?season=
QB,Ben Roethlisberger,http://www.nfl.com/player/benroethlisberger/2506109/gamelogs?season=
QB,Tony Romo,http://www.nfl.com/player/tonyromo/2505354/gamelogs?season=
QB,Jake Rudock,http://www.nfl.com/player/jakerudock/2556232/gamelogs?season=
QB,Matt Ryan,http://www.nfl.com/player/mattryan/310/gamelogs?season=
QB,Mark Sanchez,http://www.nfl.com/player/marksanchez/79858/gamelogs?season=
QB,Tom Savage,http://www.nfl.com/player/tomsavage/2543640/gamelogs?season=
QB,Matt Schaub,http://www.nfl.com/player/mattschaub/2505982/gamelogs?season=
QB,Connor Shaw,http://www.nfl.com/player/connorshaw/2550252/gamelogs?season=
QB,Jameill Showers,http://www.nfl.com/player/jameillshowers/2553600/gamelogs?season=
QB,Trevor Siemian,http://www.nfl.com/player/trevorsiemian/2553457/gamelogs?season=
QB,Matt Simms,http://www.nfl.com/player/mattsimms/2534889/gamelogs?season=
QB,Alex Smith,http://www.nfl.com/player/alexsmith/2506340/gamelogs?season=
QB,Geno Smith,http://www.nfl.com/player/genosmith/2539335/gamelogs?season=
QB,Brad Sorensen,http://www.nfl.com/player/bradsorensen/2539312/gamelogs?season=
QB,Matthew Stafford,http://www.nfl.com/player/matthewstafford/79860/gamelogs?season=
QB,Drew Stanton,http://www.nfl.com/player/drewstanton/2495748/gamelogs?season=
QB,Joel Stave,http://www.nfl.com/player/joelstave/2556687/gamelogs?season=
QB,Nate Sudfeld,http://www.nfl.com/player/natesudfeld/2555427/gamelogs?season=
QB,Ryan Tannehill,http://www.nfl.com/player/ryantannehill/2532956/gamelogs?season=
QB,Alex Tanney,http://www.nfl.com/player/alextanney/2534870/gamelogs?season=
QB,Tyrod Taylor,http://www.nfl.com/player/tyrodtaylor/2495240/gamelogs?season=
QB,Logan Thomas,http://www.nfl.com/player/loganthomas/2543767/gamelogs?season=
QB,Dylan Thompson,http://www.nfl.com/player/dylanthompson/2553480/gamelogs?season=
QB,Scott Tolzien,http://www.nfl.com/player/scotttolzien/2495425/gamelogs?season=
QB,Austin Trainor,http://www.nfl.com/player/austintrainor/2557631/gamelogs?season=
QB,Dustin Vaughan,http://www.nfl.com/player/dustinvaughan/2550410/gamelogs?season=
QB,Joe Webb,http://www.nfl.com/player/joewebb/1037347/gamelogs?season=
QB,Brandon Weeden,http://www.nfl.com/player/brandonweeden/2532970/gamelogs?season=
QB,Keith Wenning,http://www.nfl.com/player/keithwenning/2543784/gamelogs?season=
QB,Carson Wentz,http://www.nfl.com/player/carsonwentz/2555259/gamelogs?season=
QB,Marquise Williams,http://www.nfl.com/player/marquisewilliams/2556935/gamelogs?season=
QB,Russell Wilson,http://www.nfl.com/player/russellwilson/2532975/gamelogs?season=
QB,Jameis Winston,http://www.nfl.com/player/jameiswinston/2552033/gamelogs?season=
QB,Max Wittek,http://www.nfl.com/player/maxwittek/2556712/gamelogs?season=
RB,Ameer Abdullah,http://www.nfl.com/player/ameerabdullah/2552374/gamelogs?season=
RB,Jay Ajayi,http://www.nfl.com/player/jayajayi/2552582/gamelogs?season=
RB,Javorius Allen,http://www.nfl.com/player/javoriusallen/2552631/gamelogs?season=
RB,Jonathan Amosa,http://www.nfl.com/player/jonathanamosa/2541960/gamelogs?season=
RB,C.J. Anderson,http://www.nfl.com/player/c.j.anderson/2540269/gamelogs?season=
RB,Antonio Andrews,http://www.nfl.com/player/antonioandrews/2550474/gamelogs?season=
RB,Dri Archer,http://www.nfl.com/player/driarcher/2543596/gamelogs?season=
RB,Cameron Artis-Payne,http://www.nfl.com/player/cameronartis-payne/2552375/gamelogs?season=
RB,Matt Asiata,http://www.nfl.com/player/mattasiata/2495258/gamelogs?season=
RB,George Atkinson,http://www.nfl.com/player/georgeatkinson/2550540/gamelogs?season=
RB,Joe Banyard,http://www.nfl.com/player/joebanyard/2535696/gamelogs?season=
RB,Peyton Barber,http://www.nfl.com/player/peytonbarber/2556466/gamelogs?season=
RB,Kenjon Barner,http://www.nfl.com/player/kenjonbarner/2539289/gamelogs?season=
RB,Le'Veon Bell,http://www.nfl.com/player/le'veonbell/2540175/gamelogs?season=
RB,Sam Bergen,http://www.nfl.com/player/sambergen/2556874/gamelogs?season=
RB,Giovani Bernard,http://www.nfl.com/player/giovanibernard/2540156/gamelogs?season=
RB,Kapri Bibbs,http://www.nfl.com/player/kapribibbs/2550542/gamelogs?season=
RB,LeGarrette Blount,http://www.nfl.com/player/legarretteblount/497149/gamelogs?season=
RB,Alfred Blue,http://www.nfl.com/player/alfredblue/2543600/gamelogs?season=
RB,Tommy Bohanon,http://www.nfl.com/player/tommybohanon/2540225/gamelogs?season=
RB,Brandon Bolden,http://www.nfl.com/player/brandonbolden/2532797/gamelogs?season=
RB,Andrew Bonnet,http://www.nfl.com/player/andrewbonnet/2556844/gamelogs?season=
RB,Devontae Booker,http://www.nfl.com/player/devontaebooker/2555223/gamelogs?season=
RB,Zac Brooks,http://www.nfl.com/player/zacbrooks/2556379/gamelogs?season=
RB,Donald Brown,http://www.nfl.com/player/donaldbrown/2507779/gamelogs?season=
RB,Mack Brown,http://www.nfl.com/player/mackbrown/2553867/gamelogs?season=
RB,Malcolm Brown,http://www.nfl.com/player/malcolmbrown/2552382/gamelogs?season=
RB,Brandon Brown-Dukes,http://www.nfl.com/player/brandonbrown-dukes/2556726/gamelogs?season=
RB,Rex Burkhead,http://www.nfl.com/player/rexburkhead/2539265/gamelogs?season=
RB,Brandon Burks,http://www.nfl.com/player/brandonburks/2556728/gamelogs?season=
RB,Michael Burton,http://www.nfl.com/player/michaelburton/2552636/gamelogs?season=
RB,Reggie Bush,http://www.nfl.com/player/reggiebush/2506874/gamelogs?season=
RB,Travaris Cadet,http://www.nfl.com/player/travariscadet/2535890/gamelogs?season=
RB,Ka'Deem Carey,http://www.nfl.com/player/ka'deemcarey/2543551/gamelogs?season=
RB,Tr Carson,http://www.nfl.com/player/tracarson/2556493/gamelogs?season=
RB,Jamaal Charles,http://www.nfl.com/player/jamaalcharles/925/gamelogs?season=
RB,David Cobb,http://www.nfl.com/player/davidcobb/2552376/gamelogs?season=
RB,Tevin Coleman,http://www.nfl.com/player/tevincoleman/2552453/gamelogs?season=
RB,Alex Collins,http://www.nfl.com/player/alexcollins/2555430/gamelogs?season=
RB,Marshaun Coprich,http://www.nfl.com/player/marshauncoprich/2556507/gamelogs?season=
RB,John Crockett,http://www.nfl.com/player/johncrockett/2553511/gamelogs?season=
RB,Isaiah Crowell,http://www.nfl.com/player/isaiahcrowell/2550189/gamelogs?season=
RB,Benny Cunningham,http://www.nfl.com/player/bennycunningham/2541544/gamelogs?season=
RB,Orleans Darkwa,http://www.nfl.com/player/orleansdarkwa/2550481/gamelogs?season=
RB,Knile Davis,http://www.nfl.com/player/kniledavis/2540178/gamelogs?season=
RB,Mike Davis,http://www.nfl.com/player/mikedavis/2553439/gamelogs?season=
RB,James Develin,http://www.nfl.com/player/jamesdevelin/2508101/gamelogs?season=
RB,Patrick DiMarco,http://www.nfl.com/player/patrickdimarco/2530763/gamelogs?season=
RB,Kenneth Dixon,http://www.nfl.com/player/kennethdixon/2555229/gamelogs?season=
RB,Kenyan Drake,http://www.nfl.com/player/kenyandrake/2555230/gamelogs?season=
RB,Shaun Draughn,http://www.nfl.com/player/shaundraughn/2495461/gamelogs?season=
RB,Lance Dunbar,http://www.nfl.com/player/lancedunbar/2535708/gamelogs?season=
RB,Jahwan Edwards,http://www.nfl.com/player/jahwanedwards/2553879/gamelogs?season=
RB,Andre Ellington,http://www.nfl.com/player/andreellington/2539217/gamelogs?season=
RB,Ezekiel Elliott,http://www.nfl.com/player/ezekielelliott/2555224/gamelogs?season=
RB,Tyler Ervin,http://www.nfl.com/player/tylerervin/2555234/gamelogs?season=
RB,Kenneth Farrow,http://www.nfl.com/player/kennethfarrow/2556801/gamelogs?season=
RB,Jerome Felton,http://www.nfl.com/player/jeromefelton/230/gamelogs?season=
RB,Josh Ferguson,http://www.nfl.com/player/joshferguson/2556411/gamelogs?season=
RB,David Fluellen,http://www.nfl.com/player/davidfluellen/2550289/gamelogs?season=
RB,Justin Forsett,http://www.nfl.com/player/justinforsett/927/gamelogs?season=
RB,Matt Forte,http://www.nfl.com/player/mattforte/234/gamelogs?season=
RB,Arian Foster,http://www.nfl.com/player/arianfoster/79555/gamelogs?season=
RB,D.J. Foster,http://www.nfl.com/player/d.j.foster/2556528/gamelogs?season=
RB,Jalston Fowler,http://www.nfl.com/player/jalstonfowler/2552464/gamelogs?season=
RB,Devonta Freeman,http://www.nfl.com/player/devontafreeman/2543583/gamelogs?season=
RB,Tyler Gaffney,http://www.nfl.com/player/tylergaffney/2543655/gamelogs?season=
RB,Kendall Gaskins,http://www.nfl.com/player/kendallgaskins/2541778/gamelogs?season=
RB,Mike Gillislee,http://www.nfl.com/player/mikegillislee/2539663/gamelogs?season=
RB,Melvin Gordon,http://www.nfl.com/player/melvingordon/2552469/gamelogs?season=
RB,Frank Gore,http://www.nfl.com/player/frankgore/2506404/gamelogs?season=
RB,Corey Grant,http://www.nfl.com/player/coreygrant/2553650/gamelogs?season=
RB,Cyrus Gray,http://www.nfl.com/player/cyrusgray/2532851/gamelogs?season=
RB,Jonas Gray,http://www.nfl.com/player/jonasgray/2533030/gamelogs?season=
RB,Aaron Green,http://www.nfl.com/player/aarongreen/2556541/gamelogs?season=
RB,Jonathan Grimes,http://www.nfl.com/player/jonathangrimes/2534770/gamelogs?season=
RB,Glenn Gronkowski,http://www.nfl.com/player/glenngronkowski/2556544/gamelogs?season=
RB,Todd Gurley,http://www.nfl.com/player/toddgurley/2552475/gamelogs?season=
RB,C.J. Ham,http://www.nfl.com/player/c.j.ham/2556803/gamelogs?season=
RB,Russell Hansbrough,http://www.nfl.com/player/russellhansbrough/2556547/gamelogs?season=
RB,DuJuan Harris,http://www.nfl.com/player/dujuanharris/2530690/gamelogs?season=
RB,Derrick Henry,http://www.nfl.com/player/derrickhenry/2556075/gamelogs?season=
RB,Dan Herron,http://www.nfl.com/player/danherron/2532864/gamelogs?season=
RB,Tim Hightower,http://www.nfl.com/player/timhightower/4383/gamelogs?season=
RB,Bronson Hill,http://www.nfl.com/player/bronsonhill/2554357/gamelogs?season=
RB,Jeremy Hill,http://www.nfl.com/player/jeremyhill/2543603/gamelogs?season=
RB,Kenny Hilliard,http://www.nfl.com/player/kennyhilliard/2552476/gamelogs?season=
RB,Ronnie Hillman,http://www.nfl.com/player/ronniehillman/2533437/gamelogs?season=
RB,Sione Houma,http://www.nfl.com/player/sionehouma/2556742/gamelogs?season=
RB,Stephen Houston,http://www.nfl.com/player/stephenhouston/2550298/gamelogs?season=
RB,Jordan Howard,http://www.nfl.com/player/jordanhoward/2555418/gamelogs?season=
RB,Julian Howsare,http://www.nfl.com/player/julianhowsare/2553659/gamelogs?season=
RB,Robert Hughes,http://www.nfl.com/player/roberthughes/2530516/gamelogs?season=
RB,Akeem Hunt,http://www.nfl.com/player/akeemhunt/2553660/gamelogs?season=
RB,Carlos Hyde,http://www.nfl.com/player/carloshyde/2543743/gamelogs?season=
RB,Mark Ingram,http://www.nfl.com/player/markingram/2495466/gamelogs?season=
RB,Joey Iosefa,http://www.nfl.com/player/joeyiosefa/2552634/gamelogs?season=
RB,Chris Ivory,http://www.nfl.com/player/chrisivory/2507999/gamelogs?season=
RB,Darius Jackson,http://www.nfl.com/player/dariusjackson/2556273/gamelogs?season=
RB,Mike James,http://www.nfl.com/player/mikejames/2540224/gamelogs?season=
RB,Andy Janovich,http://www.nfl.com/player/andyjanovich/2555432/gamelogs?season=
RB,Rashad Jennings,http://www.nfl.com/player/rashadjennings/71345/gamelogs?season=
RB,Austin Johnson,http://www.nfl.com/player/austinjohnson/2534437/gamelogs?season=
RB,Chris Johnson,http://www.nfl.com/player/chrisjohnson/262/gamelogs?season=
RB,David Johnson,http://www.nfl.com/player/davidjohnson/2553435/gamelogs?season=
RB,Devon Johnson,http://www.nfl.com/player/devonjohnson/2556854/gamelogs?season=
RB,Gus Johnson,http://www.nfl.com/player/gusjohnson/2553662/gamelogs?season=
RB,Malcolm Johnson,http://www.nfl.com/player/malcolmjohnson/2553446/gamelogs?season=
RB,Duke Johnson,http://www.nfl.com/player/dukejohnson/2552461/gamelogs?season=
RB,Storm Johnson,http://www.nfl.com/player/stormjohnson/2543570/gamelogs?season=
RB,Will Johnson,http://www.nfl.com/player/willjohnson/163982/gamelogs?season=
RB,Matt Jones,http://www.nfl.com/player/mattjones/2552635/gamelogs?season=
RB,Taiwan Jones,http://www.nfl.com/player/taiwanjones/2495467/gamelogs?season=
RB,Kyle Juszczyk,http://www.nfl.com/player/kylejuszczyk/2540230/gamelogs?season=
RB,Rob Kelley,http://www.nfl.com/player/robkelley/2556414/gamelogs?season=
RB,Joe Kerridge,http://www.nfl.com/player/joekerridge/2556415/gamelogs?season=
RB,John Kuhn,http://www.nfl.com/player/johnkuhn/2506147/gamelogs?season=
RB,Eddie Lacy,http://www.nfl.com/player/eddielacy/2540168/gamelogs?season=
RB,Jeremy Langford,http://www.nfl.com/player/jeremylangford/2552379/gamelogs?season=
RB,Daniel Lasco,http://www.nfl.com/player/daniellasco/2555219/gamelogs?season=
RB,Paul Lasike,http://www.nfl.com/player/paullasike/2553551/gamelogs?season=
RB,Zach Laskey,http://www.nfl.com/player/zachlaskey/2553721/gamelogs?season=
RB,Dion Lewis,http://www.nfl.com/player/dionlewis/2495469/gamelogs?season=
RB,Zach Line,http://www.nfl.com/player/zachline/2539303/gamelogs?season=
RB,Jeff Luc,http://www.nfl.com/player/jeffluc/2553670/gamelogs?season=
RB,Tre Madden,http://www.nfl.com/player/tremadden/2556603/gamelogs?season=
RB,Terrence Magee,http://www.nfl.com/player/terrencemagee/2552383/gamelogs?season=
RB,Cameron Marshall,http://www.nfl.com/player/cameronmarshall/2539199/gamelogs?season=
RB,Keith Marshall,http://www.nfl.com/player/keithmarshall/2555459/gamelogs?season=
RB,Doug Martin,http://www.nfl.com/player/dougmartin/2532899/gamelogs?season=
RB,Tre Mason,http://www.nfl.com/player/tremason/2543502/gamelogs?season=
RB,Ryan Mathews,http://www.nfl.com/player/ryanmathews/497188/gamelogs?season=
RB,Dexter McCluster,http://www.nfl.com/player/dextermccluster/497190/gamelogs?season=
RB,LeSean McCoy,http://www.nfl.com/player/leseanmccoy/79607/gamelogs?season=
RB,Darren McFadden,http://www.nfl.com/player/darrenmcfadden/284/gamelogs?season=
RB,Jerick McKinnon,http://www.nfl.com/player/jerickmckinnon/2543715/gamelogs?season=
RB,Christine Michael,http://www.nfl.com/player/christinemichael/2539322/gamelogs?season=
RB,Trey Millard,http://www.nfl.com/player/treymillard/2543632/gamelogs?season=
RB,Bruce Miller,http://www.nfl.com/player/brucemiller/2495314/gamelogs?season=
RB,Lamar Miller,http://www.nfl.com/player/lamarmiller/2533034/gamelogs?season=
RB,Kevin Monangai,http://www.nfl.com/player/kevinmonangai/2554341/gamelogs?season=
RB,Alfred Morris,http://www.nfl.com/player/alfredmorris/2533457/gamelogs?season=
RB,Romar Morris,http://www.nfl.com/player/romarmorris/2556930/gamelogs?season=
RB,Raheem Mostert,http://www.nfl.com/player/raheemmostert/2553728/gamelogs?season=
RB,Marcus Murphy,http://www.nfl.com/player/marcusmurphy/2552647/gamelogs?season=
RB,DeMarco Murray,http://www.nfl.com/player/demarcomurray/2495207/gamelogs?season=
RB,Latavius Murray,http://www.nfl.com/player/lataviusmurray/2541161/gamelogs?season=
RB,Rajion Neal,http://www.nfl.com/player/rajionneal/2550233/gamelogs?season=
RB,Roosevelt Nix-Jones,http://www.nfl.com/player/rooseveltnix/2550235/gamelogs?season=
RB,Cedric O'Neal,http://www.nfl.com/player/cedrico'neal/2556760/gamelogs?season=
RB,Jamize Olawale,http://www.nfl.com/player/jamizeolawale/2536044/gamelogs?season=
RB,Branden Oliver,http://www.nfl.com/player/brandenoliver/2550658/gamelogs?season=
RB,Isaiah Pead,http://www.nfl.com/player/isaiahpead/2532926/gamelogs?season=
RB,Cedric Peerman,http://www.nfl.com/player/cedricpeerman/79629/gamelogs?season=
RB,Elijh Penny,http://www.nfl.com/player/elijhaapenny/2556762/gamelogs?season=
RB,Paul Perkins,http://www.nfl.com/player/paulperkins/2555460/gamelogs?season=
RB,Senorise Perry,http://www.nfl.com/player/senoriseperry/2550633/gamelogs?season=
RB,Adrian Peterson,http://www.nfl.com/player/adrianpeterson/2507164/gamelogs?season=
RB,Bernard Pierce,http://www.nfl.com/player/bernardpierce/2533545/gamelogs?season=
RB,Troymaine Pope,http://www.nfl.com/player/troymainepope/2557531/gamelogs?season=
RB,Bilal Powell,http://www.nfl.com/player/bilalpowell/2495328/gamelogs?season=
RB,Christian Powell,http://www.nfl.com/player/christianpowell/2556654/gamelogs?season=
RB,Jhurrell Pressley,http://www.nfl.com/player/jhurrellpressley/2556656/gamelogs?season=
RB,Chase Price,http://www.nfl.com/player/chaseprice/2557540/gamelogs?season=
RB,Jay Prosch,http://www.nfl.com/player/jayprosch/2543695/gamelogs?season=
RB,C.J. Prosise,http://www.nfl.com/player/c.j.prosise/2555417/gamelogs?season=
RB,Bobby Rainey,http://www.nfl.com/player/bobbyrainey/2534571/gamelogs?season=
RB,Will Ratelle,http://www.nfl.com/player/willratelle/2556447/gamelogs?season=
RB,Thomas Rawls,http://www.nfl.com/player/thomasrawls/2553733/gamelogs?season=
RB,Darrin Reaves,http://www.nfl.com/player/darrinreaves/2550596/gamelogs?season=
RB,Silas Redd,http://www.nfl.com/player/silasredd/2550529/gamelogs?season=
RB,Marcel Reece,http://www.nfl.com/player/marcelreece/4433/gamelogs?season=
RB,Blake Renaud,http://www.nfl.com/player/blakerenaud/2553680/gamelogs?season=
RB,Chase Reynolds,http://www.nfl.com/player/chasereynolds/2531218/gamelogs?season=
RB,Jalen Richard,http://www.nfl.com/player/jalenrichard/2556885/gamelogs?season=
RB,Daryl Richardson,http://www.nfl.com/player/darylrichardson/2534789/gamelogs?season=
RB,Theo Riddick,http://www.nfl.com/player/theoriddick/2540020/gamelogs?season=
RB,Stevan Ridley,http://www.nfl.com/player/stevanridley/2495470/gamelogs?season=
RB,Aaron Ripkowski,http://www.nfl.com/player/aaronripkowski/2552477/gamelogs?season=
RB,Denard Robinson,http://www.nfl.com/player/denardrobinson/2539260/gamelogs?season=
RB,Khiry Robinson,http://www.nfl.com/player/khiryrobinson/2542022/gamelogs?season=
RB,Jacquizz Rodgers,http://www.nfl.com/player/jacquizzrodgers/2495471/gamelogs?season=
RB,Brandon Ross,http://www.nfl.com/player/brandonross/2556671/gamelogs?season=
RB,Bishop Sankey,http://www.nfl.com/player/bishopsankey/2543682/gamelogs?season=
RB,Lache Seastrunk,http://www.nfl.com/player/lacheseastrunk/2543559/gamelogs?season=
RB,Anthony Sherman,http://www.nfl.com/player/anthonysherman/2495340/gamelogs?season=
RB,Jalen Simmons,http://www.nfl.com/player/jalensimmons/2556889/gamelogs?season=
RB,Charles Sims,http://www.nfl.com/player/charlessims/2543770/gamelogs?season=
RB,Patrick Skov,http://www.nfl.com/player/patrickskov/2556867/gamelogs?season=
RB,Wendell Smallwood,http://www.nfl.com/player/wendellsmallwood/2555461/gamelogs?season=
RB,Keith Smith,http://www.nfl.com/player/keithsmith/2550400/gamelogs?season=
RB,Antone Smith,http://www.nfl.com/player/antonesmith/89798/gamelogs?season=
RB,Dreamius Smith,http://www.nfl.com/player/dreamiussmith/2553848/gamelogs?season=
RB,Rod Smith,http://www.nfl.com/player/rodsmith/2553743/gamelogs?season=
RB,C.J. Spiller,http://www.nfl.com/player/c.j.spiller/497204/gamelogs?season=
RB,Darren Sproles,http://www.nfl.com/player/darrensproles/2506467/gamelogs?season=
RB,Alstevis Squirewell,http://www.nfl.com/player/alstevissquirewell/2556776/gamelogs?season=
RB,James Starks,http://www.nfl.com/player/jamesstarks/497206/gamelogs?season=
RB,Jonathan Stewart,http://www.nfl.com/player/jonathanstewart/949/gamelogs?season=
RB,Cameron Stingily,http://www.nfl.com/player/cameronstingily/2553849/gamelogs?season=
RB,Chris Swain,http://www.nfl.com/player/chrisswain/2556870/gamelogs?season=
RB,Lorenzo Taliaferro,http://www.nfl.com/player/lorenzotaliaferro/2543704/gamelogs?season=
RB,Kelvin Taylor,http://www.nfl.com/player/kelvintaylor/2555462/gamelogs?season=
RB,Stepfan Taylor,http://www.nfl.com/player/stepfantaylor/2539315/gamelogs?season=
RB,Daniel Thomas,http://www.nfl.com/player/danielthomas/2495241/gamelogs?season=
RB,Chris Thompson,http://www.nfl.com/player/christhompson/2540011/gamelogs?season=
RB,Juwan Thompson,http://www.nfl.com/player/juwanthompson/2550263/gamelogs?season=
RB,Jordan Todman,http://www.nfl.com/player/jordantodman/2495472/gamelogs?season=
RB,Mike Tolbert,http://www.nfl.com/player/miketolbert/2507428/gamelogs?season=
RB,Abou Toure,http://www.nfl.com/player/aboutoure/2553853/gamelogs?season=
RB,Fitzgerald Toussaint,http://www.nfl.com/player/fitzgeraldtoussaint/2550738/gamelogs?season=
RB,Matthew Tucker,http://www.nfl.com/player/matthewtucker/2540274/gamelogs?season=
RB,Taani Tupou,http://www.nfl.com/player/taanitupou/2556783/gamelogs?season=
RB,Robert Turbin,http://www.nfl.com/player/robertturbin/2533460/gamelogs?season=
RB,Som Vainuku,http://www.nfl.com/player/somavainuku/2556699/gamelogs?season=
RB,Shane Vereen,http://www.nfl.com/player/shanevereen/2495473/gamelogs?season=
RB,Terron Ward,http://www.nfl.com/player/terronward/2553762/gamelogs?season=
RB,Spencer Ware,http://www.nfl.com/player/spencerware/2540204/gamelogs?season=
RB,DeAndre Washington,http://www.nfl.com/player/deandrewashington/2555464/gamelogs?season=
RB,Dwayne Washington,http://www.nfl.com/player/dwaynewashington/2556118/gamelogs?season=
RB,Terrell Watson,http://www.nfl.com/player/terrellwatson/2553617/gamelogs?season=
RB,Derek Watt,http://www.nfl.com/player/derekwatt/2555220/gamelogs?season=
RB,Brandon Wegher,http://www.nfl.com/player/brandonwegher/2553618/gamelogs?season=
RB,Charcandrick West,http://www.nfl.com/player/charcandrickwest/2550268/gamelogs?season=
RB,Terrance West,http://www.nfl.com/player/terrancewest/2543664/gamelogs?season=
RB,James White,http://www.nfl.com/player/jameswhite/2543773/gamelogs?season=
RB,Nikit Whitlock,http://www.nfl.com/player/nikitawhitlock/2550270/gamelogs?season=
RB,Fozzy Whittaker,http://www.nfl.com/player/fozzywhittaker/2540037/gamelogs?season=
RB,James Jr. Wilder,http://www.nfl.com/player/jameswilderjr./2550271/gamelogs?season=
RB,Brandon Wilds,http://www.nfl.com/player/brandonwilds/2556454/gamelogs?season=
RB,Andre Williams,http://www.nfl.com/player/andrewilliams/2543565/gamelogs?season=
RB,Damien Williams,http://www.nfl.com/player/damienwilliams/2550512/gamelogs?season=
RB,DeAngelo Williams,http://www.nfl.com/player/deangelowilliams/2495979/gamelogs?season=
RB,Dominique Williams,http://www.nfl.com/player/dominiquewilliams/2550419/gamelogs?season=
RB,Jonathan Williams,http://www.nfl.com/player/jonathanwilliams/2555227/gamelogs?season=
RB,Karlos Williams,http://www.nfl.com/player/karloswilliams/2552380/gamelogs?season=
RB,Kerwynn Williams,http://www.nfl.com/player/kerwynnwilliams/2539980/gamelogs?season=
RB,Terry Williams,http://www.nfl.com/player/terrywilliams/2557451/gamelogs?season=
RB,Trey Williams,http://www.nfl.com/player/treywilliams/2553486/gamelogs?season=
RB,George Winn,http://www.nfl.com/player/georgewinn/2541910/gamelogs?season=
RB,Glenn Winston,http://www.nfl.com/player/glennwinston/2551357/gamelogs?season=
RB,T.J. Yeldon,http://www.nfl.com/player/t.j.yeldon/2552471/gamelogs?season=
RB,Darrel Young,http://www.nfl.com/player/darrelyoung/2507737/gamelogs?season=
RB,Kelsey Young,http://www.nfl.com/player/kelseyyoung/2556895/gamelogs?season=
RB,Zach Zenner,http://www.nfl.com/player/zachzenner/2553631/gamelogs?season=
WR,Jared Abbrederis,http://www.nfl.com/player/jaredabbrederis/2543774/gamelogs?season=
WR,Davante Adams,http://www.nfl.com/player/davanteadams/2543495/gamelogs?season=
WR,Bralon Addison,http://www.nfl.com/player/bralonaddison/2556457/gamelogs?season=
WR,Nelson Agholor,http://www.nfl.com/player/nelsonagholor/2552600/gamelogs?season=
WR,Kamar Aiken,http://www.nfl.com/player/kamaraiken/2530660/gamelogs?season=
WR,Mario Alford,http://www.nfl.com/player/marioalford/2552650/gamelogs?season=
WR,Keenan Allen,http://www.nfl.com/player/keenanallen/2540154/gamelogs?season=
WR,Torrence Allen,http://www.nfl.com/player/torrenceallen/2550452/gamelogs?season=
WR,Geronimo Allison,http://www.nfl.com/player/geronimoallison/2556460/gamelogs?season=
WR,Danny Amendola,http://www.nfl.com/player/dannyamendola/2649/gamelogs?season=
WR,Dres Anderson,http://www.nfl.com/player/dresanderson/2552413/gamelogs?season=
WR,Robby Anderson,http://www.nfl.com/player/robbyanderson/2556462/gamelogs?season=
WR,Danny Anthrop,http://www.nfl.com/player/dannyanthrop/2556384/gamelogs?season=
WR,Tavon Austin,http://www.nfl.com/player/tavonaustin/2539336/gamelogs?season=
WR,DeMarcus Ayers,http://www.nfl.com/player/demarcusayers/2555465/gamelogs?season=
WR,Rasheed Bailey,http://www.nfl.com/player/rasheedbailey/2553692/gamelogs?season=
WR,Stedman Bailey,http://www.nfl.com/player/stedmanbailey/2540157/gamelogs?season=
WR,Doug Baldwin,http://www.nfl.com/player/dougbaldwin/2530747/gamelogs?season=
WR,Cole Beasley,http://www.nfl.com/player/colebeasley/2535698/gamelogs?season=
WR,Odell Beckham,http://www.nfl.com/player/odellbeckham/2543496/gamelogs?season=
WR,Kenny Bell,http://www.nfl.com/player/kennybell/2552421/gamelogs?season=
WR,Reggie Bell,http://www.nfl.com/player/reggiebell/2553482/gamelogs?season=
WR,Josh Bellamy,http://www.nfl.com/player/joshbellamy/2535964/gamelogs?season=
WR,Kelvin Benjamin,http://www.nfl.com/player/kelvinbenjamin/2543471/gamelogs?season=
WR,Travis Benjamin,http://www.nfl.com/player/travisbenjamin/2532790/gamelogs?season=
WR,Arrelious Benn,http://www.nfl.com/player/arreliousbenn/497270/gamelogs?season=
WR,Michael Bennett,http://www.nfl.com/player/michaelbennett/2554436/gamelogs?season=
WR,Justin Berger,http://www.nfl.com/player/justinberger/2557630/gamelogs?season=
WR,Brenton Bersin,http://www.nfl.com/player/brentonbersin/2535966/gamelogs?season=
WR,Jace Billingsley,http://www.nfl.com/player/jacebillingsley/2556473/gamelogs?season=
WR,Harvey Binford,http://www.nfl.com/player/harveybinford/2557440/gamelogs?season=
WR,Justin Blackmon,http://www.nfl.com/player/justinblackmon/2533038/gamelogs?season=
WR,Issac Blakeney,http://www.nfl.com/player/issacblakeney/2553466/gamelogs?season=
WR,Moritz Boehringer,http://www.nfl.com/player/moritzboehringer/2556261/gamelogs?season=
WR,Anquan Boldin,http://www.nfl.com/player/anquanboldin/2505587/gamelogs?season=
WR,Kadron Boone,http://www.nfl.com/player/kadronboone/2550282/gamelogs?season=
WR,Josh Boyce,http://www.nfl.com/player/joshboyce/2540181/gamelogs?season=
WR,Tyler Boyd,http://www.nfl.com/player/tylerboyd/2555466/gamelogs?season=
WR,Jarrett Boykin,http://www.nfl.com/player/jarrettboykin/2532799/gamelogs?season=
WR,Daniel Braverman,http://www.nfl.com/player/danielbraverman/2556144/gamelogs?season=
WR,Quan Bray,http://www.nfl.com/player/quanbray/2553467/gamelogs?season=
WR,K.J. Brent,http://www.nfl.com/player/k.j.brent/2556383/gamelogs?season=
WR,Kenny Britt,http://www.nfl.com/player/kennybritt/71217/gamelogs?season=
WR,Antonio Brown,http://www.nfl.com/player/antoniobrown/2508061/gamelogs?season=
WR,Chris Brown,http://www.nfl.com/player/chrisbrown/2556482/gamelogs?season=
WR,Corey Brown,http://www.nfl.com/player/coreybrown/2550546/gamelogs?season=
WR,Da'Ron Brown,http://www.nfl.com/player/da'ronbrown/2552479/gamelogs?season=
WR,Jaron Brown,http://www.nfl.com/player/jaronbrown/2541966/gamelogs?season=
WR,John Brown,http://www.nfl.com/player/johnbrown/2543847/gamelogs?season=
WR,Dez Bryant,http://www.nfl.com/player/dezbryant/497278/gamelogs?season=
WR,Martavis Bryant,http://www.nfl.com/player/martavisbryant/2543572/gamelogs?season=
WR,Quenton Bundrage,http://www.nfl.com/player/quentonbundrage/2556488/gamelogs?season=
WR,Marquis Bundy,http://www.nfl.com/player/marquisbundy/2557431/gamelogs?season=
WR,Aaron Burbridge,http://www.nfl.com/player/aaronburbridge/2555362/gamelogs?season=
WR,Isaiah Burse,http://www.nfl.com/player/isaiahburse/2550182/gamelogs?season=
WR,Brice Butler,http://www.nfl.com/player/bricebutler/2541388/gamelogs?season=
WR,Jeremy Butler,http://www.nfl.com/player/jeremybutler/2550183/gamelogs?season=
WR,Damiere Byrd,http://www.nfl.com/player/damierebyrd/2553499/gamelogs?season=
WR,LaRon Byrd,http://www.nfl.com/player/laronbyrd/2532809/gamelogs?season=
WR,Devon Cajuste,http://www.nfl.com/player/devoncajuste/2556490/gamelogs?season=
WR,Andre Caldwell,http://www.nfl.com/player/andrecaldwell/206/gamelogs?season=
WR,Michael Campanaro,http://www.nfl.com/player/michaelcampanaro/2550163/gamelogs?season=
WR,DiAndre Campbell,http://www.nfl.com/player/diandrecampbell/2553468/gamelogs?season=
WR,Avius Capers,http://www.nfl.com/player/aviuscapers/2554335/gamelogs?season=
WR,Amir Carlisle,http://www.nfl.com/player/amircarlisle/2556422/gamelogs?season=
WR,Leonte Carroo,http://www.nfl.com/player/leontecarroo/2555215/gamelogs?season=
WR,DeAndre Carter,http://www.nfl.com/player/deandrecarter/2553502/gamelogs?season=
WR,Alex Chisum,http://www.nfl.com/player/alexchisum/2557532/gamelogs?season=
WR,Kaelin Clay,http://www.nfl.com/player/kaelinclay/2552651/gamelogs?season=
WR,Sammie Coates,http://www.nfl.com/player/sammiecoates/2552470/gamelogs?season=
WR,Randall Cobb,http://www.nfl.com/player/randallcobb/2495448/gamelogs?season=
WR,Brandon Coleman,http://www.nfl.com/player/brandoncoleman/2550328/gamelogs?season=
WR,Corey Coleman,http://www.nfl.com/player/coreycoleman/2555333/gamelogs?season=
WR,Dobson Collins,http://www.nfl.com/player/dobsoncollins/2507692/gamelogs?season=
WR,Kain Colter,http://www.nfl.com/player/kaincolter/2550330/gamelogs?season=
WR,Chris Conley,http://www.nfl.com/player/chrisconley/2552652/gamelogs?season=
WR,Kenny Cook,http://www.nfl.com/player/kennycook/2553792/gamelogs?season=
WR,Brandin Cooks,http://www.nfl.com/player/brandincooks/2543498/gamelogs?season=
WR,Amari Cooper,http://www.nfl.com/player/amaricooper/2552487/gamelogs?season=
WR,Pharoh Cooper,http://www.nfl.com/player/pharohcooper/2555419/gamelogs?season=
WR,Cody Core,http://www.nfl.com/player/codycore/2555331/gamelogs?season=
WR,Michael Crabtree,http://www.nfl.com/player/michaelcrabtree/71269/gamelogs?season=
WR,Jamison Crowder,http://www.nfl.com/player/jamisoncrowder/2552415/gamelogs?season=
WR,A.J. Cruz,http://www.nfl.com/player/a.j.cruz/2554331/gamelogs?season=
WR,Victor Cruz,http://www.nfl.com/player/victorcruz/2507855/gamelogs?season=
WR,Anthony Dable,http://www.nfl.com/player/anthonydable/2555573/gamelogs?season=
WR,Jared Dangerfield,http://www.nfl.com/player/jareddangerfield/2556848/gamelogs?season=
WR,B.J. Daniels,http://www.nfl.com/player/b.j.daniels/2541429/gamelogs?season=
WR,Andre Davis,http://www.nfl.com/player/andredavis/2553514/gamelogs?season=
WR,Geremy Davis,http://www.nfl.com/player/geremydavis/2552654/gamelogs?season=
WR,Quinshad Davis,http://www.nfl.com/player/quinshaddavis/2556509/gamelogs?season=
WR,Titus Davis,http://www.nfl.com/player/titusdavis/2553874/gamelogs?season=
WR,Trevor Davis,http://www.nfl.com/player/trevordavis/2555413/gamelogs?season=
WR,Andre Debose,http://www.nfl.com/player/andredebose/2553453/gamelogs?season=
WR,Eric Decker,http://www.nfl.com/player/ericdecker/497284/gamelogs?season=
WR,Reggie Diggs,http://www.nfl.com/player/reggiediggs/2556409/gamelogs?season=
WR,Stefon Diggs,http://www.nfl.com/player/stefondiggs/2552608/gamelogs?season=
WR,Aaron Dobson,http://www.nfl.com/player/aarondobson/2539256/gamelogs?season=
WR,Josh Doctson,http://www.nfl.com/player/joshdoctson/2555343/gamelogs?season=
WR,Phillip Dorsett,http://www.nfl.com/player/phillipdorsett/2552424/gamelogs?season=
WR,Harry Douglas,http://www.nfl.com/player/harrydouglas/222/gamelogs?season=
WR,Kieren Duncan,http://www.nfl.com/player/kierenduncan/2556877/gamelogs?season=
WR,Dontee Dye,http://www.nfl.com/player/donteeadye/2553876/gamelogs?season=
WR,Ed Eagan,http://www.nfl.com/player/edeagan/2556517/gamelogs?season=
WR,Marcus Easley,http://www.nfl.com/player/marcuseasley/497286/gamelogs?season=
WR,Julian Edelman,http://www.nfl.com/player/julianedelman/238498/gamelogs?season=
WR,Ben Edwards,http://www.nfl.com/player/benedwards/2553878/gamelogs?season=
WR,Bruce Ellington,http://www.nfl.com/player/bruceellington/2543646/gamelogs?season=
WR,Quincy Enunwa,http://www.nfl.com/player/quincyenunwa/2543828/gamelogs?season=
WR,Alex Erickson,http://www.nfl.com/player/alexerickson/2556519/gamelogs?season=
WR,Mike Evans,http://www.nfl.com/player/mikeevans/2543468/gamelogs?season=
WR,Shaq Evans,http://www.nfl.com/player/shaqevans/2543761/gamelogs?season=
WR,Larry Fitzgerald,http://www.nfl.com/player/larryfitzgerald/2506106/gamelogs?season=
WR,Michael Floyd,http://www.nfl.com/player/michaelfloyd/2532841/gamelogs?season=
WR,Donte Foster,http://www.nfl.com/player/dontefoster/2550341/gamelogs?season=
WR,Bennie Fowler,http://www.nfl.com/player/benniefowler/2550198/gamelogs?season=
WR,Deshon Foxx,http://www.nfl.com/player/deshonfoxx/2553917/gamelogs?season=
WR,Mose Frazier,http://www.nfl.com/player/mosefrazier/2556530/gamelogs?season=
WR,Isaac Fruechte,http://www.nfl.com/player/isaacfruechte/2553883/gamelogs?season=
WR,Corey Fuller,http://www.nfl.com/player/coreyfuller/2540261/gamelogs?season=
WR,Devin Fuller,http://www.nfl.com/player/devinfuller/2556212/gamelogs?season=
WR,Will Fuller,http://www.nfl.com/player/willfuller/2555346/gamelogs?season=
WR,Devin Funchess,http://www.nfl.com/player/devinfunchess/2552458/gamelogs?season=
WR,Taylor Gabriel,http://www.nfl.com/player/taylorgabriel/2550617/gamelogs?season=
WR,Pierre Garcon,http://www.nfl.com/player/pierregarcon/2346/gamelogs?season=
WR,Keyarris Garrett,http://www.nfl.com/player/keyarrisgarrett/2556851/gamelogs?season=
WR,Ted Ginn,http://www.nfl.com/player/tedginn/2507166/gamelogs?season=
WR,Chris Givens,http://www.nfl.com/player/chrisgivens/2535634/gamelogs?season=
WR,David Glidden,http://www.nfl.com/player/davidglidden/2556739/gamelogs?season=
WR,Brittan Golden,http://www.nfl.com/player/brittangolden/2535988/gamelogs?season=
WR,Antwan Goodley,http://www.nfl.com/player/antwangoodley/2553526/gamelogs?season=
WR,C.J. Goodwin,http://www.nfl.com/player/c.j.goodwin/2550767/gamelogs?season=
WR,Marquise Goodwin,http://www.nfl.com/player/marquisegoodwin/2539964/gamelogs?season=
WR,Josh Gordon,http://www.nfl.com/player/joshgordon/2537931/gamelogs?season=
WR,T.J. Graham,http://www.nfl.com/player/t.j.graham/2532850/gamelogs?season=
WR,Antwane Grant,http://www.nfl.com/player/antwanegrant/2556539/gamelogs?season=
WR,Jakeem Grant,http://www.nfl.com/player/jakeemgrant/2556190/gamelogs?season=
WR,Ryan Grant,http://www.nfl.com/player/ryangrant/2543759/gamelogs?season=
WR,A.J. Green,http://www.nfl.com/player/a.j.green/2495450/gamelogs?season=
WR,Dorial Green-Beckham,http://www.nfl.com/player/dorialgreen-beckham/2552491/gamelogs?season=
WR,Rashad Greene,http://www.nfl.com/player/rashadgreene/2552425/gamelogs?season=
WR,Marvin Hall,http://www.nfl.com/player/marvinhall/2557034/gamelogs?season=
WR,Rannell Hall,http://www.nfl.com/player/rannellhall/2553716/gamelogs?season=
WR,Cobi Hamilton,http://www.nfl.com/player/cobihamilton/2539203/gamelogs?season=
WR,Frankie Hammond,http://www.nfl.com/player/frankiehammond/2541828/gamelogs?season=
WR,Leonard Hankerson,http://www.nfl.com/player/leonardhankerson/2495158/gamelogs?season=
WR,Joe Hansley,http://www.nfl.com/player/joehansley/2556879/gamelogs?season=
WR,Justin Hardy,http://www.nfl.com/player/justinhardy/2552418/gamelogs?season=
WR,Chris Harper,http://www.nfl.com/player/chrisharper/2553652/gamelogs?season=
WR,Dwayne Harris,http://www.nfl.com/player/dwayneharris/2495159/gamelogs?season=
WR,Maurice Harris,http://www.nfl.com/player/mauriceharris/2556404/gamelogs?season=
WR,R.J. Harris,http://www.nfl.com/player/r.j.harris/2553802/gamelogs?season=
WR,Andrew Hawkins,http://www.nfl.com/player/andrewhawkins/2508097/gamelogs?season=
WR,Matt Hazel,http://www.nfl.com/player/matthazel/2543792/gamelogs?season=
WR,Javontee Herndon,http://www.nfl.com/player/javonteeherndon/2550459/gamelogs?season=
WR,Darrius Heyward-Bey,http://www.nfl.com/player/darriusheyward-bey/80427/gamelogs?season=
WR,Rashard Higgins,http://www.nfl.com/player/rashardhiggins/2555468/gamelogs?season=
WR,Austin Hill,http://www.nfl.com/player/austinhill/2553892/gamelogs?season=
WR,Stephen Hill,http://www.nfl.com/player/stephenhill/2533537/gamelogs?season=
WR,Tyreek Hill,http://www.nfl.com/player/tyreekhill/2556214/gamelogs?season=
WR,T.Y. Hilton,http://www.nfl.com/player/t.y.hilton/2532865/gamelogs?season=
WR,Chris Hogan,http://www.nfl.com/player/chrishogan/2530515/gamelogs?season=
WR,Andre Holmes,http://www.nfl.com/player/andreholmes/2495453/gamelogs?season=
WR,Johnny Holton,http://www.nfl.com/player/johnnyholton/2556805/gamelogs?season=
WR,DeAndre Hopkins,http://www.nfl.com/player/deandrehopkins/2540165/gamelogs?season=
WR,Reece Horn,http://www.nfl.com/player/reecehorn/2557032/gamelogs?season=
WR,Chris Hubert,http://www.nfl.com/player/chrishubert/2556743/gamelogs?season=
WR,Josh Huff,http://www.nfl.com/player/joshhuff/2543746/gamelogs?season=
WR,Adam Humphries,http://www.nfl.com/player/adamhumphries/2553895/gamelogs?season=
WR,Justin Hunter,http://www.nfl.com/player/justinhunter/2540151/gamelogs?season=
WR,Montario Hunter,http://www.nfl.com/player/montariohunter/2557442/gamelogs?season=
WR,Allen Hurns,http://www.nfl.com/player/allenhurns/2550353/gamelogs?season=
WR,Dontrelle Inman,http://www.nfl.com/player/dontrelleinman/2530700/gamelogs?season=
WR,DeSean Jackson,http://www.nfl.com/player/deseanjackson/1581/gamelogs?season=
WR,Vincent Jackson,http://www.nfl.com/player/vincentjackson/2506400/gamelogs?season=
WR,Chuck Jacobs,http://www.nfl.com/player/chuckjacobs/2541782/gamelogs?season=
WR,Jeff Janis,http://www.nfl.com/player/jeffjanis/2543750/gamelogs?season=
WR,Alshon Jeffery,http://www.nfl.com/player/alshonjeffery/2533039/gamelogs?season=
WR,Darius Jennings,http://www.nfl.com/player/dariusjennings/2553896/gamelogs?season=
WR,Andre Johnson,http://www.nfl.com/player/andrejohnson/2505551/gamelogs?season=
WR,Charles Johnson,http://www.nfl.com/player/charlesjohnson/2541147/gamelogs?season=
WR,Jamel Johnson,http://www.nfl.com/player/jameljohnson/2555033/gamelogs?season=
WR,Marcus Johnson,http://www.nfl.com/player/marcusjohnson/2556855/gamelogs?season=
WR,Steve Johnson,http://www.nfl.com/player/stevejohnson/768/gamelogs?season=
WR,Andy Jones,http://www.nfl.com/player/andyjones/2556569/gamelogs?season=
WR,Cayleb Jones,http://www.nfl.com/player/caylebjones/2556840/gamelogs?season=
WR,James Jones,http://www.nfl.com/player/jamesjones/2507183/gamelogs?season=
WR,Marvin Jones,http://www.nfl.com/player/marvinjones/2532884/gamelogs?season=
WR,Julio Jones,http://www.nfl.com/player/juliojones/2495454/gamelogs?season=
WR,Seantavius Jones,http://www.nfl.com/player/seantaviusjones/2550359/gamelogs?season=
WR,T.J. Jones,http://www.nfl.com/player/t.j.jones/2543836/gamelogs?season=
WR,Tevin Jones,http://www.nfl.com/player/tevinjones/2556572/gamelogs?season=
WR,Jermaine Kearse,http://www.nfl.com/player/jermainekearse/2532887/gamelogs?season=
WR,Derek Keaton,http://www.nfl.com/player/derekkeaton/2557131/gamelogs?season=
WR,Anthony Kelly,http://www.nfl.com/player/anthonykelly/2557533/gamelogs?season=
WR,Jeremy Kerley,http://www.nfl.com/player/jeremykerley/2495189/gamelogs?season=
WR,Chris King,http://www.nfl.com/player/chrisking/2556437/gamelogs?season=
WR,Tavarres King,http://www.nfl.com/player/tavarresking/2539235/gamelogs?season=
WR,Jonathan Krause,http://www.nfl.com/player/jonathankrause/2550216/gamelogs?season=
WR,Jake Kumerow,http://www.nfl.com/player/jakekumerow/2553548/gamelogs?season=
WR,Brandon LaFell,http://www.nfl.com/player/brandonlafell/497302/gamelogs?season=
WR,Jake Lampman,http://www.nfl.com/player/jakelampman/2556882/gamelogs?season=
WR,Jarvis Landry,http://www.nfl.com/player/jarvislandry/2543488/gamelogs?season=
WR,Cody Latimer,http://www.nfl.com/player/codylatimer/2543590/gamelogs?season=
WR,Kenny Lawler,http://www.nfl.com/player/kennylawler/2555471/gamelogs?season=
WR,Rashad Lawrence,http://www.nfl.com/player/rashadlawrence/2550524/gamelogs?season=
WR,Marcus Leak,http://www.nfl.com/player/marcusleak/2556390/gamelogs?season=
WR,Jay Lee,http://www.nfl.com/player/jaylee/2556589/gamelogs?season=
WR,Marqise Lee,http://www.nfl.com/player/marqiselee/2543475/gamelogs?season=
WR,Josh Lenz,http://www.nfl.com/player/joshlenz/2541853/gamelogs?season=
WR,Jordan Leslie,http://www.nfl.com/player/jordanleslie/2553668/gamelogs?season=
WR,Dezmin Lewis,http://www.nfl.com/player/dezminlewis/2552411/gamelogs?season=
WR,Roger Lewis,http://www.nfl.com/player/rogerlewis/2556592/gamelogs?season=
WR,Tommylee Lewis,http://www.nfl.com/player/tommyleelewis/2556752/gamelogs?season=
WR,Kolby Listenbee,http://www.nfl.com/player/kolbylistenbee/2555350/gamelogs?season=
WR,Greg Little,http://www.nfl.com/player/greglittle/2495192/gamelogs?season=
WR,Tyler Lockett,http://www.nfl.com/player/tylerlockett/2552430/gamelogs?season=
WR,Deon Long,http://www.nfl.com/player/deonlong/2553811/gamelogs?season=
WR,Ricardo Louis,http://www.nfl.com/player/ricardolouis/2555473/gamelogs?season=
WR,Devin Lucien,http://www.nfl.com/player/devinlucien/2556185/gamelogs?season=
WR,Jeremy Maclin,http://www.nfl.com/player/jeremymaclin/80429/gamelogs?season=
WR,Marc Mariani,http://www.nfl.com/player/marcmariani/1037885/gamelogs?season=
WR,Bradley Marquez,http://www.nfl.com/player/bradleymarquez/2553725/gamelogs?season=
WR,Brandon Marshall,http://www.nfl.com/player/brandonmarshall/2495893/gamelogs?season=
WR,Byron Marshall,http://www.nfl.com/player/byronmarshall/2556841/gamelogs?season=
WR,Jalin Marshall,http://www.nfl.com/player/jalinmarshall/2556606/gamelogs?season=
WR,Keshawn Martin,http://www.nfl.com/player/keshawnmartin/2532900/gamelogs?season=
WR,Freddie Martino,http://www.nfl.com/player/freddiemartino/2550223/gamelogs?season=
WR,Mitch Mathews,http://www.nfl.com/player/mitchmathews/2556756/gamelogs?season=
WR,Chris Matthews,http://www.nfl.com/player/chrismatthews/2531049/gamelogs?season=
WR,Jordan Matthews,http://www.nfl.com/player/jordanmatthews/2543500/gamelogs?season=
WR,Rishard Matthews,http://www.nfl.com/player/rishardmatthews/2532903/gamelogs?season=
WR,K.J. Maye,http://www.nfl.com/player/k.j.maye/2556610/gamelogs?season=
WR,Vince Mayle,http://www.nfl.com/player/vincemayle/2552431/gamelogs?season=
WR,Tre McBride,http://www.nfl.com/player/tremcbride/2552428/gamelogs?season=
WR,Max McCaffrey,http://www.nfl.com/player/maxmccaffrey/2556814/gamelogs?season=
WR,Mekale McKay,http://www.nfl.com/player/mekalemckay/2556392/gamelogs?season=
WR,J.D. McKissic,http://www.nfl.com/player/j.d.mckissic/2556440/gamelogs?season=
WR,Douglas McNeil,http://www.nfl.com/player/douglasmcneil/2551930/gamelogs?season=
WR,Paul McRoberts,http://www.nfl.com/player/paulmcroberts/2556615/gamelogs?season=
WR,Cameron Meredith,http://www.nfl.com/player/cameronmeredith/2553568/gamelogs?season=
WR,Marken Michel,http://www.nfl.com/player/markenmichel/2556616/gamelogs?season=
WR,Jaydon Mickens,http://www.nfl.com/player/jaydonmickens/2556861/gamelogs?season=
WR,Braxton Miller,http://www.nfl.com/player/braxtonmiller/2555348/gamelogs?season=
WR,Malcolm Mitchell,http://www.nfl.com/player/malcolmmitchell/2555216/gamelogs?season=
WR,Donte Moncrief,http://www.nfl.com/player/dontemoncrief/2543614/gamelogs?season=
WR,Ty Montgomery,http://www.nfl.com/player/tymontgomery/2552429/gamelogs?season=
WR,Chris Moore,http://www.nfl.com/player/chrismoore/2555209/gamelogs?season=
WR,Kashif Moore,http://www.nfl.com/player/kashifmoore/2532916/gamelogs?season=
WR,Marlon Moore,http://www.nfl.com/player/marlonmoore/2507902/gamelogs?season=
WR,Richard Mullaney,http://www.nfl.com/player/richardmullaney/2556626/gamelogs?season=
WR,Keith Mumphery,http://www.nfl.com/player/keithmumphery/2552420/gamelogs?season=
WR,Louis Murphy,http://www.nfl.com/player/louismurphy/80670/gamelogs?season=
WR,Durron Neal,http://www.nfl.com/player/durronneal/2556629/gamelogs?season=
WR,J.J. Nelson,http://www.nfl.com/player/j.j.nelson/2552656/gamelogs?season=
WR,Jordy Nelson,http://www.nfl.com/player/jordynelson/1032/gamelogs?season=
WR,Marquez North,http://www.nfl.com/player/marqueznorth/2556636/gamelogs?season=
WR,Jordan Norwood,http://www.nfl.com/player/jordannorwood/71417/gamelogs?season=
WR,Kevin Norwood,http://www.nfl.com/player/kevinnorwood/2543689/gamelogs?season=
WR,Levi Norwood,http://www.nfl.com/player/levinorwood/2553575/gamelogs?season=
WR,Uzom Nwachukwu,http://www.nfl.com/player/uzomanwachukwu/2539942/gamelogs?season=
WR,Franky Okafor,http://www.nfl.com/player/frankyokafor/2557443/gamelogs?season=
WR,Andrew Opoku,http://www.nfl.com/player/andrewopoku/2557549/gamelogs?season=
WR,Nathan Palmer,http://www.nfl.com/player/nathanpalmer/2535681/gamelogs?season=
WR,Tobais Palmer,http://www.nfl.com/player/tobaispalmer/2541737/gamelogs?season=
WR,DeVante Parker,http://www.nfl.com/player/devanteparker/2552409/gamelogs?season=
WR,Dennis Parks,http://www.nfl.com/player/dennisparks/2556645/gamelogs?season=
WR,Cordarrelle Patterson,http://www.nfl.com/player/cordarrellepatterson/2540145/gamelogs?season=
WR,Quinton Patton,http://www.nfl.com/player/quintonpatton/2539250/gamelogs?season=
WR,Jordan Payton,http://www.nfl.com/player/jordanpayton/2555370/gamelogs?season=
WR,Charone Peake,http://www.nfl.com/player/charonepeake/2555477/gamelogs?season=
WR,Breshad Perriman,http://www.nfl.com/player/breshadperriman/2552597/gamelogs?season=
WR,Darrin Peterson,http://www.nfl.com/player/darrinpeterson/2556763/gamelogs?season=
WR,Shakim Phillips,http://www.nfl.com/player/shakimphillips/2553904/gamelogs?season=
WR,DeVier Posey,http://www.nfl.com/player/devierposey/2532930/gamelogs?season=
WR,Darius Powe,http://www.nfl.com/player/dariuspowe/2556653/gamelogs?season=
WR,Walt Powell,http://www.nfl.com/player/waltpowell/2543619/gamelogs?season=
WR,Kyle Prater,http://www.nfl.com/player/kyleprater/2553924/gamelogs?season=
WR,Terrelle Pryor,http://www.nfl.com/player/terrellepryor/2531332/gamelogs?season=
WR,Brian Quick,http://www.nfl.com/player/brianquick/2532933/gamelogs?season=
WR,Rueben Randle,http://www.nfl.com/player/ruebenrandle/2533533/gamelogs?season=
WR,Kalif Raymond,http://www.nfl.com/player/kalifraymond/2556661/gamelogs?season=
WR,DeAndre Reaves,http://www.nfl.com/player/deandrereaves/2556822/gamelogs?season=
WR,Bernard Reedy,http://www.nfl.com/player/bernardreedy/2550246/gamelogs?season=
WR,Keenan Reynolds,http://www.nfl.com/player/keenanreynolds/2555356/gamelogs?season=
WR,David Richards,http://www.nfl.com/player/davidrichards/2556449/gamelogs?season=
WR,Paul Richardson,http://www.nfl.com/player/paulrichardson/2543491/gamelogs?season=
WR,Rico Richardson,http://www.nfl.com/player/ricorichardson/2541881/gamelogs?season=
WR,Andre Roberts,http://www.nfl.com/player/andreroberts/497320/gamelogs?season=
WR,Ben Roberts,http://www.nfl.com/player/benroberts/2556887/gamelogs?season=
WR,Seth Roberts,http://www.nfl.com/player/sethroberts/2550597/gamelogs?season=
WR,Aldrick Robinson,http://www.nfl.com/player/aldrickrobinson/2495331/gamelogs?season=
WR,Allen Robinson,http://www.nfl.com/player/allenrobinson/2543509/gamelogs?season=
WR,Demarcus Robinson,http://www.nfl.com/player/demarcusrobinson/2555478/gamelogs?season=
WR,Jamal Robinson,http://www.nfl.com/player/jamalrobinson/2556667/gamelogs?season=
WR,Chester Rogers,http://www.nfl.com/player/chesterrogers/2556396/gamelogs?season=
WR,Eli Rogers,http://www.nfl.com/player/elirogers/2553737/gamelogs?season=
WR,Eric Rogers,http://www.nfl.com/player/ericrogers/2541883/gamelogs?season=
WR,Jeremy Ross,http://www.nfl.com/player/jeremyross/2530598/gamelogs?season=
WR,Rashad Ross,http://www.nfl.com/player/rashadross/2541940/gamelogs?season=
WR,Eddie Royal,http://www.nfl.com/player/eddieroyal/1990/gamelogs?season=
WR,Xavier Rush,http://www.nfl.com/player/xavierrush/2555575/gamelogs?season=
WR,Alonzo Russell,http://www.nfl.com/player/alonzorussell/2556672/gamelogs?season=
WR,Greg Salas,http://www.nfl.com/player/gregsalas/2495223/gamelogs?season=
WR,Emmanuel Sanders,http://www.nfl.com/player/emmanuelsanders/497322/gamelogs?season=
WR,Mohamed Sanu,http://www.nfl.com/player/mohamedsanu/2533040/gamelogs?season=
WR,Rashawn Scott,http://www.nfl.com/player/rashawnscott/2556676/gamelogs?season=
WR,Canaan Severin,http://www.nfl.com/player/canaanseverin/2556678/gamelogs?season=
WR,Hunter Sharp,http://www.nfl.com/player/huntersharp/2556773/gamelogs?season=
WR,Tajae Sharpe,http://www.nfl.com/player/tajaesharpe/2555317/gamelogs?season=
WR,Russell Shepard,http://www.nfl.com/player/russellshepard/2541944/gamelogs?season=
WR,Sterling Shepard,http://www.nfl.com/player/sterlingshepard/2555295/gamelogs?season=
WR,Jaxon Shipley,http://www.nfl.com/player/jaxonshipley/2553599/gamelogs?season=
WR,Brandon Shippen,http://www.nfl.com/player/brandonshippen/2556680/gamelogs?season=
WR,Cecil Shorts,http://www.nfl.com/player/cecilshorts/2495341/gamelogs?season=
WR,Valdez Showers,http://www.nfl.com/player/valdezshowers/2556417/gamelogs?season=
WR,Miles Shuler,http://www.nfl.com/player/milesshuler/2556888/gamelogs?season=
WR,Rashaun Simonise,http://www.nfl.com/player/rashaunsimonise/2557435/gamelogs?season=
WR,Jerome Simpson,http://www.nfl.com/player/jeromesimpson/318/gamelogs?season=
WR,Terrell Sinkfield,http://www.nfl.com/player/terrellsinkfield/2541746/gamelogs?season=
WR,Matthew Slater,http://www.nfl.com/player/matthewslater/4487/gamelogs?season=
WR,Tyler Slavin,http://www.nfl.com/player/tylerslavin/2553741/gamelogs?season=
WR,DeAndre Smelter,http://www.nfl.com/player/deandresmelter/2552627/gamelogs?season=
WR,Devin Smith,http://www.nfl.com/player/devinsmith/2553434/gamelogs?season=
WR,Torrey Smith,http://www.nfl.com/player/torreysmith/2495459/gamelogs?season=
WR,Kevin Smith,http://www.nfl.com/player/kevinsmith/2550733/gamelogs?season=
WR,Rodney Smith,http://www.nfl.com/player/rodneysmith/2539674/gamelogs?season=
WR,Steve Smith,http://www.nfl.com/player/stevesmith/2504595/gamelogs?season=
WR,Tevaun Smith,http://www.nfl.com/player/tevaunsmith/2556399/gamelogs?season=
WR,Willie Snead,http://www.nfl.com/player/williesnead/2550256/gamelogs?season=
WR,Ryan Spadola,http://www.nfl.com/player/ryanspadola/2540268/gamelogs?season=
WR,Evan Spencer,http://www.nfl.com/player/evanspencer/2553289/gamelogs?season=
WR,Nelson Spruce,http://www.nfl.com/player/nelsonspruce/2556686/gamelogs?season=
WR,Joshu Stangby,http://www.nfl.com/player/joshuastangby/2553761/gamelogs?season=
WR,Dez Stewart,http://www.nfl.com/player/dezstewart/2556688/gamelogs?season=
WR,Kenny Stills,http://www.nfl.com/player/kennystills/2540202/gamelogs?season=
WR,Troy Stoudermire,http://www.nfl.com/player/troystoudermire/2541157/gamelogs?season=
WR,Rod Streater,http://www.nfl.com/player/rodstreater/2535869/gamelogs?season=
WR,Devin Street,http://www.nfl.com/player/devinstreet/2543641/gamelogs?season=
WR,Jaelen Strong,http://www.nfl.com/player/jaelenstrong/2552463/gamelogs?season=
WR,Brandon Tate,http://www.nfl.com/player/brandontate/81306/gamelogs?season=
WR,Golden Tate,http://www.nfl.com/player/goldentate/497326/gamelogs?season=
WR,Jordan Taylor,http://www.nfl.com/player/jordantaylor/2553606/gamelogs?season=
WR,Adam Thielen,http://www.nfl.com/player/adamthielen/2541785/gamelogs?season=
WR,De'Anthony Thomas,http://www.nfl.com/player/de'anthonythomas/2543638/gamelogs?season=
WR,Demaryius Thomas,http://www.nfl.com/player/demaryiusthomas/497328/gamelogs?season=
WR,Michael Thomas,http://www.nfl.com/player/michaelthomas/2556370/gamelogs?season=
WR,Mike Thomas,http://www.nfl.com/player/mikethomas/2556381/gamelogs?season=
WR,Kenbrell Thompkins,http://www.nfl.com/player/kenbrellthompkins/2539214/gamelogs?season=
WR,Deonte Thompson,http://www.nfl.com/player/deontethompson/2534436/gamelogs?season=
WR,Kendal Thompson,http://www.nfl.com/player/kendalthompson/2557436/gamelogs?season=
WR,T.J. Thorpe,http://www.nfl.com/player/t.j.thorpe/2557437/gamelogs?season=
WR,Laquon Treadwell,http://www.nfl.com/player/laquontreadwell/2555214/gamelogs?season=
WR,Bryce Treggs,http://www.nfl.com/player/brycetreggs/2556697/gamelogs?season=
WR,Marcus Tucker,http://www.nfl.com/player/marcustucker/2556782/gamelogs?season=
WR,Jarvis Turner,http://www.nfl.com/player/jarvisturner/2557134/gamelogs?season=
WR,Paul Turner,http://www.nfl.com/player/paulturner/2556785/gamelogs?season=
WR,Andrew Turzilli,http://www.nfl.com/player/andrewturzilli/2553829/gamelogs?season=
WR,Mike Wallace,http://www.nfl.com/player/mikewallace/2507763/gamelogs?season=
WR,Bryan Walters,http://www.nfl.com/player/bryanwalters/2528181/gamelogs?season=
WR,Corey Washington,http://www.nfl.com/player/coreywashington/2550413/gamelogs?season=
WR,Tony Washington,http://www.nfl.com/player/tonywashington/2550415/gamelogs?season=
WR,Nate Washington,http://www.nfl.com/player/natewashington/2506313/gamelogs?season=
WR,Herb Waters,http://www.nfl.com/player/herbwaters/2556704/gamelogs?season=
WR,David Watford,http://www.nfl.com/player/davidwatford/2557438/gamelogs?season=
WR,Sammy Watkins,http://www.nfl.com/player/sammywatkins/2543457/gamelogs?season=
WR,Eric Weems,http://www.nfl.com/player/ericweems/2507029/gamelogs?season=
WR,Jarrod West,http://www.nfl.com/player/jarrodwest/2554346/gamelogs?season=
WR,Griff Whalen,http://www.nfl.com/player/griffwhalen/2535876/gamelogs?season=
WR,Ryan Whalen,http://www.nfl.com/player/ryanwhalen/2495245/gamelogs?season=
WR,Markus Wheaton,http://www.nfl.com/player/markuswheaton/2539291/gamelogs?season=
WR,Darius White,http://www.nfl.com/player/dariuswhite/2557547/gamelogs?season=
WR,DeAndrew White,http://www.nfl.com/player/deandrewwhite/2552657/gamelogs?season=
WR,Kevin White,http://www.nfl.com/player/kevinwhite/2553432/gamelogs?season=
WR,Myles White,http://www.nfl.com/player/myleswhite/2541905/gamelogs?season=
WR,Lucky Whitehead,http://www.nfl.com/player/luckywhitehead/2553621/gamelogs?season=
WR,Duke Williams,http://www.nfl.com/player/dukewilliams/2556836/gamelogs?season=
WR,Dom Williams,http://www.nfl.com/player/domwilliams/2556827/gamelogs?season=
WR,Ed Williams,http://www.nfl.com/player/edwilliams/2554348/gamelogs?season=
WR,Jordan Williams,http://www.nfl.com/player/jordanwilliams/2556791/gamelogs?season=
WR,Kasen Williams,http://www.nfl.com/player/kasenwilliams/2554138/gamelogs?season=
WR,Kyle Williams,http://www.nfl.com/player/kylewilliams/2508027/gamelogs?season=
WR,Mike Williams,http://www.nfl.com/player/mikewilliams/2508048/gamelogs?season=
WR,Nick Williams,http://www.nfl.com/player/nickwilliams/2540279/gamelogs?season=
WR,Terrance Williams,http://www.nfl.com/player/terrancewilliams/2539205/gamelogs?season=
WR,Tyrell Williams,http://www.nfl.com/player/tyrellwilliams/2553913/gamelogs?season=
WR,Wendall Williams,http://www.nfl.com/player/wendallwilliams/2556710/gamelogs?season=
WR,Albert Wilson,http://www.nfl.com/player/albertwilson/2550272/gamelogs?season=
WR,Marquess Wilson,http://www.nfl.com/player/marquesswilson/2540177/gamelogs?season=
WR,Robert Woods,http://www.nfl.com/player/robertwoods/2540169/gamelogs?season=
WR,Chandler Worthy,http://www.nfl.com/player/chandlerworthy/2553787/gamelogs?season=
WR,James Wright,http://www.nfl.com/player/jameswright/2550162/gamelogs?season=
WR,Jarius Wright,http://www.nfl.com/player/jariuswright/2532978/gamelogs?season=
WR,Kendall Wright,http://www.nfl.com/player/kendallwright/2532977/gamelogs?season=
WR,Shane Wynn,http://www.nfl.com/player/shanewynn/2553630/gamelogs?season=
TE,Jerell Adams,http://www.nfl.com/player/jerelladams/2555311/gamelogs?season=
TE,Dwayne Allen,http://www.nfl.com/player/dwayneallen/2533046/gamelogs?season=
TE,RaShaun Allen,http://www.nfl.com/player/rashaunallen/2550608/gamelogs?season=
TE,Jace Amaro,http://www.nfl.com/player/jaceamaro/2543481/gamelogs?season=
TE,Rory Anderson,http://www.nfl.com/player/roryanderson/2553465/gamelogs?season=
TE,Stephen Anderson,http://www.nfl.com/player/stephenanderson/2556463/gamelogs?season=
TE,Blake Annen,http://www.nfl.com/player/blakeannen/2550278/gamelogs?season=
TE,Kennard Backman,http://www.nfl.com/player/kennardbackman/2553292/gamelogs?season=
TE,Gary Barnidge,http://www.nfl.com/player/garybarnidge/1060/gamelogs?season=
TE,Blake Bell,http://www.nfl.com/player/blakebell/2552478/gamelogs?season=
TE,Martellus Bennett,http://www.nfl.com/player/martellusbennett/1062/gamelogs?season=
TE,E.J. Bibbs,http://www.nfl.com/player/e.j.bibbs/2553791/gamelogs?season=
TE,Brandon Bostick,http://www.nfl.com/player/brandonbostick/2536342/gamelogs?season=
TE,Braedon Bowman,http://www.nfl.com/player/braedonbowman/2556476/gamelogs?season=
TE,Nick Boyle,http://www.nfl.com/player/nickboyle/2552402/gamelogs?season=
TE,Cameron Brate,http://www.nfl.com/player/cameronbrate/2550656/gamelogs?season=
TE,Ben Braunecker,http://www.nfl.com/player/benbraunecker/2556478/gamelogs?season=
TE,Daniel Brown,http://www.nfl.com/player/danielbrown/2553900/gamelogs?season=
TE,Benson Browne,http://www.nfl.com/player/bensonbrowne/2557035/gamelogs?season=
TE,Trey Burton,http://www.nfl.com/player/treyburton/2550284/gamelogs?season=
TE,Jordan Cameron,http://www.nfl.com/player/jordancameron/2495267/gamelogs?season=
TE,Derek Carrier,http://www.nfl.com/player/derekcarrier/2534241/gamelogs?season=
TE,Kyle Carter,http://www.nfl.com/player/kylecarter/2556494/gamelogs?season=
TE,Kivon Cartwright,http://www.nfl.com/player/kivoncartwright/2556496/gamelogs?season=
TE,Brent Celek,http://www.nfl.com/player/brentcelek/2507218/gamelogs?season=
TE,Garrett Celek,http://www.nfl.com/player/garrettcelek/2534820/gamelogs?season=
TE,Orson Charles,http://www.nfl.com/player/orsoncharles/2533047/gamelogs?season=
TE,Gerald Christian,http://www.nfl.com/player/geraldchristian/2552462/gamelogs?season=
TE,Charles Clay,http://www.nfl.com/player/charlesclay/2495139/gamelogs?season=
TE,Asante Cleveland,http://www.nfl.com/player/asantecleveland/2550454/gamelogs?season=
TE,Chase Coffman,http://www.nfl.com/player/chasecoffman/71255/gamelogs?season=
TE,Jared Cook,http://www.nfl.com/player/jaredcook/71265/gamelogs?season=
TE,Michael Cooper,http://www.nfl.com/player/michaelcooper/2556403/gamelogs?season=
TE,Brandon Cottom,http://www.nfl.com/player/brandoncottom/2553902/gamelogs?season=
TE,Alan Cross,http://www.nfl.com/player/alancross/2556508/gamelogs?season=
TE,Jeff Cumberland,http://www.nfl.com/player/jeffcumberland/2507883/gamelogs?season=
TE,Jerome Cunningham,http://www.nfl.com/player/jeromecunningham/2551359/gamelogs?season=
TE,Justice Cunningham,http://www.nfl.com/player/justicecunningham/2540257/gamelogs?season=
TE,Kellen Davis,http://www.nfl.com/player/kellendavis/2507486/gamelogs?season=
TE,Vernon Davis,http://www.nfl.com/player/vernondavis/2495826/gamelogs?season=
TE,Braxton Deaver,http://www.nfl.com/player/braxtondeaver/2556876/gamelogs?season=
TE,Anthony Denham,http://www.nfl.com/player/anthonydenham/2550556/gamelogs?season=
TE,A.J. Derby,http://www.nfl.com/player/a.j.derby/2552580/gamelogs?season=
TE,Seth Devalve,http://www.nfl.com/player/sethdevalve/2556365/gamelogs?season=
TE,Ed Dickson,http://www.nfl.com/player/eddickson/497224/gamelogs?season=
TE,Mandel Dixon,http://www.nfl.com/player/mandeldixon/2557332/gamelogs?season=
TE,Larry Donnell,http://www.nfl.com/player/larrydonnell/2537933/gamelogs?season=
TE,Jack Doyle,http://www.nfl.com/player/jackdoyle/2540232/gamelogs?season=
TE,Jim Dray,http://www.nfl.com/player/jimdray/497226/gamelogs?season=
TE,Thomas Duarte,http://www.nfl.com/player/thomasduarte/2555483/gamelogs?season=
TE,Eric Ebron,http://www.nfl.com/player/ericebron/2543466/gamelogs?season=
TE,Clayton Echard,http://www.nfl.com/player/claytonechard/2557441/gamelogs?season=
TE,Tyler Eifert,http://www.nfl.com/player/tylereifert/2540148/gamelogs?season=
TE,Alex Ellis,http://www.nfl.com/player/alexellis/2556737/gamelogs?season=
TE,Rhett Ellison,http://www.nfl.com/player/rhettellison/2532835/gamelogs?season=
TE,Zach Ertz,http://www.nfl.com/player/zachertz/2540158/gamelogs?season=
TE,Gavin Escobar,http://www.nfl.com/player/gavinescobar/2540211/gamelogs?season=
TE,Anthony Fasano,http://www.nfl.com/player/anthonyfasano/2495835/gamelogs?season=
TE,Darren Fells,http://www.nfl.com/player/darrenfells/2540928/gamelogs?season=
TE,C.J. Fiedorowicz,http://www.nfl.com/player/c.j.fiedorowicz/2543721/gamelogs?season=
TE,Coby Fleener,http://www.nfl.com/player/cobyfleener/2532838/gamelogs?season=
TE,Adam Fuehne,http://www.nfl.com/player/adamfuehne/2556533/gamelogs?season=
TE,Manasseh Garner,http://www.nfl.com/player/manassehgarner/2553801/gamelogs?season=
TE,Antonio Gates,http://www.nfl.com/player/antoniogates/2505299/gamelogs?season=
TE,Rico Gathers,http://www.nfl.com/player/ricogathers/2556375/gamelogs?season=
TE,Crockett Gillmore,http://www.nfl.com/player/crockettgillmore/2543794/gamelogs?season=
TE,Chris Gragg,http://www.nfl.com/player/chrisgragg/2539202/gamelogs?season=
TE,Garrett Graham,http://www.nfl.com/player/garrettgraham/497234/gamelogs?season=
TE,Jimmy Graham,http://www.nfl.com/player/jimmygraham/497236/gamelogs?season=
TE,MarQueis Gray,http://www.nfl.com/player/marqueisgray/2540259/gamelogs?season=
TE,Ladarius Green,http://www.nfl.com/player/ladariusgreen/2532853/gamelogs?season=
TE,Virgil Green,http://www.nfl.com/player/virgilgreen/2495288/gamelogs?season=
TE,Jermaine Gresham,http://www.nfl.com/player/jermainegresham/497238/gamelogs?season=
TE,Garrett Griffin,http://www.nfl.com/player/garrettgriffin/2557033/gamelogs?season=
TE,Ryan Griffin,http://www.nfl.com/player/ryangriffin/2541316/gamelogs?season=
TE,Xavier Grimble,http://www.nfl.com/player/xaviergrimble/2550521/gamelogs?season=
TE,Rob Gronkowski,http://www.nfl.com/player/robgronkowski/497240/gamelogs?season=
TE,Connor Hamlett,http://www.nfl.com/player/connorhamlett/2553771/gamelogs?season=
TE,Je'Ron Hamm,http://www.nfl.com/player/je'ronhamm/2550350/gamelogs?season=
TE,James Hanna,http://www.nfl.com/player/jameshanna/2533028/gamelogs?season=
TE,Clay Harbor,http://www.nfl.com/player/clayharbor/497242/gamelogs?season=
TE,Cory Harkey,http://www.nfl.com/player/coryharkey/2533353/gamelogs?season=
TE,Demetrius Harris,http://www.nfl.com/player/demetriusharris/2541187/gamelogs?season=
TE,Temarrick Hemingway,http://www.nfl.com/player/temarrickhemingway/2555486/gamelogs?season=
TE,Mitchell Henry,http://www.nfl.com/player/mitchellhenry/2553773/gamelogs?season=
TE,Hunter Henry,http://www.nfl.com/player/hunterhenry/2555341/gamelogs?season=
TE,Jeff Heuerman,http://www.nfl.com/player/jeffheuerman/2552399/gamelogs?season=
TE,Ryan Hewitt,http://www.nfl.com/player/ryanhewitt/2550206/gamelogs?season=
TE,Tyler Higbee,http://www.nfl.com/player/tylerhigbee/2555364/gamelogs?season=
TE,Josh Hill,http://www.nfl.com/player/joshhill/2541834/gamelogs?season=
TE,Gabe Holmes,http://www.nfl.com/player/gabeholmes/2553658/gamelogs?season=
TE,J.P. Holtz,http://www.nfl.com/player/j.p.holtz/2556852/gamelogs?season=
TE,Michael Hoomanawanui,http://www.nfl.com/player/michaelhoomanawanui/497246/gamelogs?season=
TE,Austin Hooper,http://www.nfl.com/player/austinhooper/2555415/gamelogs?season=
TE,Rob Housler,http://www.nfl.com/player/robhousler/2508112/gamelogs?season=
TE,Gabe Hughes,http://www.nfl.com/player/gabehughes/2556560/gamelogs?season=
TE,Emil Igwenagu,http://www.nfl.com/player/emiligwenagu/2532867/gamelogs?season=
TE,Nic Jacobs,http://www.nfl.com/player/nicjacobs/2550355/gamelogs?season=
TE,Jesse James,http://www.nfl.com/player/jessejames/2552633/gamelogs?season=
TE,Marcel Jensen,http://www.nfl.com/player/marceljensen/2550356/gamelogs?season=
TE,David Johnson,http://www.nfl.com/player/davidjohnson/79589/gamelogs?season=
TE,Dominique Jones,http://www.nfl.com/player/dominiquejones/2535724/gamelogs?season=
TE,Travis Kelce,http://www.nfl.com/player/traviskelce/2540258/gamelogs?season=
TE,Lance Kendricks,http://www.nfl.com/player/lancekendricks/2495187/gamelogs?season=
TE,Ben Koyack,http://www.nfl.com/player/benkoyack/2552396/gamelogs?season=
TE,Henry Krieger Coble,http://www.nfl.com/player/henrykriegercoble/2556580/gamelogs?season=
TE,Tyler Kroft,http://www.nfl.com/player/tylerkroft/2552586/gamelogs?season=
TE,Matt LaCosse,http://www.nfl.com/player/mattlacosse/2553667/gamelogs?season=
TE,Paul Lang,http://www.nfl.com/player/paullang/2557036/gamelogs?season=
TE,Khari Lee,http://www.nfl.com/player/kharilee/2553552/gamelogs?season=
TE,Matt Lengel,http://www.nfl.com/player/mattlengel/2553554/gamelogs?season=
TE,Brian Leonhardt,http://www.nfl.com/player/brianleonhardt/2541512/gamelogs?season=
TE,Marcedes Lewis,http://www.nfl.com/player/marcedeslewis/2495888/gamelogs?season=
TE,Marcus Lucas,http://www.nfl.com/player/marcuslucas/2550581/gamelogs?season=
TE,Arthur Lynch,http://www.nfl.com/player/arthurlynch/2543714/gamelogs?season=
TE,Ryan Malleck,http://www.nfl.com/player/ryanmalleck/2556605/gamelogs?season=
TE,Chris Manhertz,http://www.nfl.com/player/chrismanhertz/2552622/gamelogs?season=
TE,Ben McCord,http://www.nfl.com/player/benmccord/2557030/gamelogs?season=
TE,Vance McDonald,http://www.nfl.com/player/vancemcdonald/2540215/gamelogs?season=
TE,M.J. McFarland,http://www.nfl.com/player/m.j.mcfarland/2556898/gamelogs?season=
TE,Mike McFarland,http://www.nfl.com/player/mikemcfarland/2553566/gamelogs?season=
TE,Jake McGee,http://www.nfl.com/player/jakemcgee/2556860/gamelogs?season=
TE,Sean McGrath,http://www.nfl.com/player/seanmcgrath/2535943/gamelogs?season=
TE,Michael Miller,http://www.nfl.com/player/michaelmiller/2556393/gamelogs?season=
TE,Zach Miller,http://www.nfl.com/player/zachmiller/238457/gamelogs?season=
TE,Tony Moeaki,http://www.nfl.com/player/tonymoeaki/497256/gamelogs?season=
TE,Ifeanyi Momah,http://www.nfl.com/player/ifeanyimomah/2541096/gamelogs?season=
TE,David Morgan,http://www.nfl.com/player/davidmorgan/2555306/gamelogs?season=
TE,Matthew Mulligan,http://www.nfl.com/player/matthewmulligan/2507405/gamelogs?season=
TE,Jimmay Mundine,http://www.nfl.com/player/jimmaymundine/2554136/gamelogs?season=
TE,Brandon Myers,http://www.nfl.com/player/brandonmyers/89766/gamelogs?season=
TE,Troy Niklas,http://www.nfl.com/player/troyniklas/2543628/gamelogs?season=
TE,Nick O'Leary,http://www.nfl.com/player/nicko'leary/2552403/gamelogs?season=
TE,Ryan O'Malley,http://www.nfl.com/player/ryano'malley/2556818/gamelogs?season=
TE,James O'Shaughnessy,http://www.nfl.com/player/jameso'shaughnessy/2553318/gamelogs?season=
TE,Greg Olsen,http://www.nfl.com/player/gregolsen/2495700/gamelogs?season=
TE,Chris Pantale,http://www.nfl.com/player/chrispantale/2539208/gamelogs?season=
TE,Brian Parker,http://www.nfl.com/player/brianparker/2553840/gamelogs?season=
TE,Bear Pascoe,http://www.nfl.com/player/bearpascoe/79625/gamelogs?season=
TE,Niles Paul,http://www.nfl.com/player/nilespaul/2495211/gamelogs?season=
TE,Logan Paulsen,http://www.nfl.com/player/loganpaulsen/2507828/gamelogs?season=
TE,Justin Perillo,http://www.nfl.com/player/justinperillo/2550243/gamelogs?season=
TE,Josh Perkins,http://www.nfl.com/player/joshperkins/2556444/gamelogs?season=
TE,John Peters,http://www.nfl.com/player/johnpeters/2553842/gamelogs?season=
TE,Brandon Pettigrew,http://www.nfl.com/player/brandonpettigrew/71431/gamelogs?season=
TE,John Phillips,http://www.nfl.com/player/johnphillips/71435/gamelogs?season=
TE,Casey Pierce,http://www.nfl.com/player/caseypierce/2553582/gamelogs?season=
TE,Dennis Pitta,http://www.nfl.com/player/dennispitta/497254/gamelogs?season=
TE,MyCole Pruitt,http://www.nfl.com/player/mycolepruitt/2552401/gamelogs?season=
TE,Andrew Quarless,http://www.nfl.com/player/andrewquarless/497258/gamelogs?season=
TE,Jordan Reed,http://www.nfl.com/player/jordanreed/2540160/gamelogs?season=
TE,David Reeves,http://www.nfl.com/player/davidreeves/2556717/gamelogs?season=
TE,Konrad Reuland,http://www.nfl.com/player/konradreuland/2530540/gamelogs?season=
TE,Mychal Rivera,http://www.nfl.com/player/mychalrivera/2539995/gamelogs?season=
TE,Richard Rodgers,http://www.nfl.com/player/richardrodgers/2550313/gamelogs?season=
TE,Kyle Rudolph,http://www.nfl.com/player/kylerudolph/2495438/gamelogs?season=
TE,Beau Sandland,http://www.nfl.com/player/beausandland/2555487/gamelogs?season=
TE,Wes Saxton,http://www.nfl.com/player/wessaxton/2553682/gamelogs?season=
TE,Steven Scheu,http://www.nfl.com/player/stevenscheu/2556674/gamelogs?season=
TE,Greg Scruggs,http://www.nfl.com/player/gregscruggs/2535138/gamelogs?season=
TE,Austin Seferian-Jenkins,http://www.nfl.com/player/austinseferian-jenkins/2543683/gamelogs?season=
TE,Tim Semisch,http://www.nfl.com/player/timsemisch/2553847/gamelogs?season=
TE,Ronnie Shields,http://www.nfl.com/player/ronnieshields/2555566/gamelogs?season=
TE,Scott Simonson,http://www.nfl.com/player/scottsimonson/2550599/gamelogs?season=
TE,Dion Sims,http://www.nfl.com/player/dionsims/2540200/gamelogs?season=
TE,Gannon Sinclair,http://www.nfl.com/player/gannonsinclair/2553760/gamelogs?season=
TE,Lee Smith,http://www.nfl.com/player/leesmith/2495347/gamelogs?season=
TE,Joe Sommers,http://www.nfl.com/player/joesommers/2556685/gamelogs?season=
TE,Neal Sterling,http://www.nfl.com/player/nealsterling/2553451/gamelogs?season=
TE,Craig Stevens,http://www.nfl.com/player/craigstevens/1992/gamelogs?season=
TE,Luke Stocker,http://www.nfl.com/player/lukestocker/2495234/gamelogs?season=
TE,Jake Stoneburner,http://www.nfl.com/player/jakestoneburner/2539283/gamelogs?season=
TE,Zach Sudfeld,http://www.nfl.com/player/zachsudfeld/2541151/gamelogs?season=
TE,Phillip Supernaw,http://www.nfl.com/player/phillipsupernaw/2535535/gamelogs?season=
TE,Geoff Swaim,http://www.nfl.com/player/geoffswaim/2553454/gamelogs?season=
TE,Erik Swoope,http://www.nfl.com/player/erikswoope/2550405/gamelogs?season=
TE,Jacob Tamme,http://www.nfl.com/player/jacobtamme/324/gamelogs?season=
TE,Randall Telfer,http://www.nfl.com/player/randalltelfer/2552660/gamelogs?season=
TE,Julius Thomas,http://www.nfl.com/player/juliusthomas/2495353/gamelogs?season=
TE,D.J. Tialavea,http://www.nfl.com/player/d.j.tialavea/2550406/gamelogs?season=
TE,Levine Toilolo,http://www.nfl.com/player/levinetoilolo/2540203/gamelogs?season=
TE,Eric Tomlinson,http://www.nfl.com/player/erictomlinson/2553744/gamelogs?season=
TE,Ross Travis,http://www.nfl.com/player/rosstravis/2554630/gamelogs?season=
TE,Austin Traylor,http://www.nfl.com/player/austintraylor/2556900/gamelogs?season=
TE,Will Tye,http://www.nfl.com/player/willtye/2553830/gamelogs?season=
TE,Colton Underwood,http://www.nfl.com/player/coltonunderwood/2550465/gamelogs?season=
TE,C.J. Uzomah,http://www.nfl.com/player/c.j.uzomah/2552559/gamelogs?season=
TE,Hakeem Valles,http://www.nfl.com/player/hakeemvalles/2556453/gamelogs?season=
TE,Jason Vander Laan,http://www.nfl.com/player/jasonvanderlaan/2556700/gamelogs?season=
TE,Nick Vannett,http://www.nfl.com/player/nickvannett/2555289/gamelogs?season=
TE,Dan Vitale,http://www.nfl.com/player/danvitale/2555218/gamelogs?season=
TE,Clive Walford,http://www.nfl.com/player/clivewalford/2552397/gamelogs?season=
TE,Delanie Walker,http://www.nfl.com/player/delaniewalker/2495966/gamelogs?season=
TE,Eric Wallace,http://www.nfl.com/player/ericwallace/2557541/gamelogs?season=
TE,Darren Waller,http://www.nfl.com/player/darrenwaller/2552408/gamelogs?season=
TE,Benjamin Watson,http://www.nfl.com/player/benjaminwatson/2506122/gamelogs?season=
TE,Matt Weiser,http://www.nfl.com/player/mattweiser/2556826/gamelogs?season=
TE,Tevin Westbrook,http://www.nfl.com/player/tevinwestbrook/2553928/gamelogs?season=
TE,Cole Wick,http://www.nfl.com/player/colewick/2556708/gamelogs?season=
TE,Brandon Williams,http://www.nfl.com/player/brandonwilliams/2539645/gamelogs?season=
TE,Bryce Williams,http://www.nfl.com/player/brycewilliams/2556709/gamelogs?season=
TE,Maxx Williams,http://www.nfl.com/player/maxxwilliams/2552468/gamelogs?season=
TE,Michael Williams,http://www.nfl.com/player/michaelwilliams/2539197/gamelogs?season=
TE,Luke Willson,http://www.nfl.com/player/lukewillson/2541199/gamelogs?season=
TE,Jason Witten,http://www.nfl.com/player/jasonwitten/2505629/gamelogs?season=
TE,Timothy Wright,http://www.nfl.com/player/timothywright/2541768/gamelogs?season=
K,Roberto Aguayo,http://www.nfl.com/player/robertoaguayo/2555408/gamelogs?season=
K,Dan Bailey,http://www.nfl.com/player/danbailey/2495259/gamelogs?season=
K,Connor Barth,http://www.nfl.com/player/connorbarth/2507463/gamelogs?season=
K,Taylor Bertolet,http://www.nfl.com/player/taylorbertolet/2556472/gamelogs?season=
K,Chris Boswell,http://www.nfl.com/player/chrisboswell/2550545/gamelogs?season=
K,Jon Brown,http://www.nfl.com/player/jonbrown/2556725/gamelogs?season=
K,Josh Brown,http://www.nfl.com/player/joshbrown/2505459/gamelogs?season=
K,Matt Bryant,http://www.nfl.com/player/mattbryant/2504797/gamelogs?season=
K,Randy Bullock,http://www.nfl.com/player/randybullock/2533444/gamelogs?season=
K,Dan Carpenter,http://www.nfl.com/player/dancarpenter/2507401/gamelogs?season=
K,Chandler Catanzaro,http://www.nfl.com/player/chandlercatanzaro/2550325/gamelogs?season=
K,Travis Coons,http://www.nfl.com/player/traviscoons/2550551/gamelogs?season=
K,Mason Crosby,http://www.nfl.com/player/masoncrosby/2507232/gamelogs?season=
K,Phil Dawson,http://www.nfl.com/player/phildawson/2500351/gamelogs?season=
K,Ka'imi Fairbairn,http://www.nfl.com/player/ka'imifairbairn/2556521/gamelogs?season=
K,Sam Ficken,http://www.nfl.com/player/samficken/2557430/gamelogs?season=
K,Nick Folk,http://www.nfl.com/player/nickfolk/2507225/gamelogs?season=
K,Kai Forbath,http://www.nfl.com/player/kaiforbath/2495150/gamelogs?season=
K,Andrew Franks,http://www.nfl.com/player/andrewfranks/2553648/gamelogs?season=
K,Graham Gano,http://www.nfl.com/player/grahamgano/71309/gamelogs?season=
K,Jordan Gay,http://www.nfl.com/player/jordangay/2542060/gamelogs?season=
K,Stephen Gostkowski,http://www.nfl.com/player/stephengostkowski/2506922/gamelogs?season=
K,Robbie Gould,http://www.nfl.com/player/robbiegould/2506264/gamelogs?season=
K,Shayne Graham,http://www.nfl.com/player/shaynegraham/2504162/gamelogs?season=
K,Steven Hauschka,http://www.nfl.com/player/stevenhauschka/2507374/gamelogs?season=
K,Zach Hocker,http://www.nfl.com/player/zachhocker/2543781/gamelogs?season=
K,Dustin Hopkins,http://www.nfl.com/player/dustinhopkins/2539227/gamelogs?season=
K,Sebastian Janikowski,http://www.nfl.com/player/sebastianjanikowski/2504257/gamelogs?season=
K,Marshall Koehn,http://www.nfl.com/player/marshallkoehn/2556577/gamelogs?season=
K,Josh Lambo,http://www.nfl.com/player/joshlambo/2553833/gamelogs?season=
K,John Lunsford,http://www.nfl.com/player/johnlunsford/2556600/gamelogs?season=
K,Will Lutz,http://www.nfl.com/player/willlutz/2556601/gamelogs?season=
K,Ross Martin,http://www.nfl.com/player/rossmartin/2556607/gamelogs?season=
K,Brandon McManus,http://www.nfl.com/player/brandonmcmanus/2541556/gamelogs?season=
K,Patrick Murray,http://www.nfl.com/player/patrickmurray/2543533/gamelogs?season=
K,Jason Myers,http://www.nfl.com/player/jasonmyers/2553112/gamelogs?season=
K,Nick Novak,http://www.nfl.com/player/nicknovak/2506194/gamelogs?season=
K,Mike Nugent,http://www.nfl.com/player/mikenugent/2506386/gamelogs?season=
K,Tom Obarski,http://www.nfl.com/player/tomobarski/2553576/gamelogs?season=
K,Cody Parkey,http://www.nfl.com/player/codyparkey/2550380/gamelogs?season=
K,Matt Prater,http://www.nfl.com/player/mattprater/2506677/gamelogs?season=
K,Aldrick Rosas,http://www.nfl.com/player/aldrickrosas/2556771/gamelogs?season=
K,Nick Rose,http://www.nfl.com/player/nickrose/2556450/gamelogs?season=
K,Cairo Santos,http://www.nfl.com/player/cairosantos/2550636/gamelogs?season=
K,Caleb Sturgis,http://www.nfl.com/player/calebsturgis/2539637/gamelogs?season=
K,Ryan Succop,http://www.nfl.com/player/ryansuccop/89802/gamelogs?season=
K,Giorgio Tavecchio,http://www.nfl.com/player/giorgiotavecchio/2535686/gamelogs?season=
K,Justin Tucker,http://www.nfl.com/player/justintucker/2536340/gamelogs?season=
K,Adam Vinatieri,http://www.nfl.com/player/adamvinatieri/2503471/gamelogs?season=
K,Blair Walsh,http://www.nfl.com/player/blairwalsh/2532968/gamelogs?season=
K,Matt Wile,http://www.nfl.com/player/mattwile/2553622/gamelogs?season=
K,Greg Zuerlein,http://www.nfl.com/player/gregzuerlein/2534797/gamelogs?season=
