QB, Derek Anderson,http://www.nfl.com/player/derekanderson/2506546/gamelogs?season=2014
QB, R.J. Archer,http://www.nfl.com/player/r.j.archer/2508608/gamelogs?season=2014
QB, Matt Barkley,http://www.nfl.com/player/mattbarkley/2539308/gamelogs?season=2014
QB, Bryan Bennett,http://www.nfl.com/player/bryanbennett/2552643/gamelogs?season=2014
QB, McLeod Bethel-Thompson,http://www.nfl.com/player/mcleodbethel-thompson/2530750/gamelogs?season=2014
QB, Matt Blanchard,http://www.nfl.com/player/mattblanchard/2536006/gamelogs?season=2014
QB, Blake Bortles,http://www.nfl.com/player/blakebortles/2543477/gamelogs?season=2014
QB, Tajh Boyd,http://www.nfl.com/player/tajhboyd/2543703/gamelogs?season=2014
QB, Sam Bradford,http://www.nfl.com/player/sambradford/497095/gamelogs?season=2014
QB, Tom Brady,http://www.nfl.com/player/tombrady/2504211/gamelogs?season=2014
QB, Tyler Bray,http://www.nfl.com/player/tylerbray/2540173/gamelogs?season=2014
QB, Drew Brees,http://www.nfl.com/player/drewbrees/2504775/gamelogs?season=2014
QB, Teddy Bridgewater,http://www.nfl.com/player/teddybridgewater/2543465/gamelogs?season=2014
QB, Shane Carden,http://www.nfl.com/player/shanecarden/2553501/gamelogs?season=2014
QB, Derek Carr,http://www.nfl.com/player/derekcarr/2543499/gamelogs?season=2014
QB, Matt Cassel,http://www.nfl.com/player/mattcassel/2506562/gamelogs?season=2014
QB, Jimmy Clausen,http://www.nfl.com/player/jimmyclausen/497108/gamelogs?season=2014
QB, Kellen Clemens,http://www.nfl.com/player/kellenclemens/2506895/gamelogs?season=2014
QB, Kirk Cousins,http://www.nfl.com/player/kirkcousins/2532820/gamelogs?season=2014
QB, Jay Cutler,http://www.nfl.com/player/jaycutler/2495824/gamelogs?season=2014
QB, Andy Dalton,http://www.nfl.com/player/andydalton/2495143/gamelogs?season=2014
QB, Chase Daniel,http://www.nfl.com/player/chasedaniel/81284/gamelogs?season=2014
QB, Austin Davis,http://www.nfl.com/player/austindavis/2533349/gamelogs?season=2014
QB, Zac Dysert,http://www.nfl.com/player/zacdysert/2539258/gamelogs?season=2014
QB, Cody Fajardo,http://www.nfl.com/player/codyfajardo/2553645/gamelogs?season=2014
QB, David Fales,http://www.nfl.com/player/davidfales/2543751/gamelogs?season=2014
QB, Ryan Fitzpatrick,http://www.nfl.com/player/ryanfitzpatrick/2506581/gamelogs?season=2014
QB, Joe Flacco,http://www.nfl.com/player/joeflacco/382/gamelogs?season=2014
QB, Matt Flynn,http://www.nfl.com/player/mattflynn/367/gamelogs?season=2014
QB, Nick Foles,http://www.nfl.com/player/nickfoles/2532842/gamelogs?season=2014
QB, Josh Freeman,http://www.nfl.com/player/joshfreeman/79557/gamelogs?season=2014
QB, Blaine Gabbert,http://www.nfl.com/player/blainegabbert/2495441/gamelogs?season=2014
QB, Jimmy Garoppolo,http://www.nfl.com/player/jimmygaroppolo/2543801/gamelogs?season=2014
QB, Garrett Gilbert,http://www.nfl.com/player/garrettgilbert/2549982/gamelogs?season=2014
QB, Mike Glennon,http://www.nfl.com/player/mikeglennon/2539275/gamelogs?season=2014
QB, Bruce Gradkowski,http://www.nfl.com/player/brucegradkowski/2495838/gamelogs?season=2014
QB, Garrett Grayson,http://www.nfl.com/player/garrettgrayson/2552371/gamelogs?season=2014
QB, Ryan Griffin,http://www.nfl.com/player/ryangriffin/2541185/gamelogs?season=2014
QB, Robert Griffin III,http://www.nfl.com/player/robertgriffiniii/2533033/gamelogs?season=2014
QB, Chandler Harnish,http://www.nfl.com/player/chandlerharnish/2532856/gamelogs?season=2014
QB, Matt Hasselbeck,http://www.nfl.com/player/matthasselbeck/2501078/gamelogs?season=2014
QB, Jake Heaps,http://www.nfl.com/player/jakeheaps/2553890/gamelogs?season=2014
QB, Taylor Heinicke,http://www.nfl.com/player/taylorheinicke/2553656/gamelogs?season=2014
QB, Chad Henne,http://www.nfl.com/player/chadhenne/252/gamelogs?season=2014
QB, Shaun Hill,http://www.nfl.com/player/shaunhill/2504833/gamelogs?season=2014
QB, Brian Hoyer,http://www.nfl.com/player/brianhoyer/81294/gamelogs?season=2014
QB, Brett Hundley,http://www.nfl.com/player/bretthundley/2552588/gamelogs?season=2014
QB, Tarvaris Jackson,http://www.nfl.com/player/tarvarisjackson/2495863/gamelogs?season=2014
QB, Josh Johnson,http://www.nfl.com/player/joshjohnson/264/gamelogs?season=2014
QB, Landry Jones,http://www.nfl.com/player/landryjones/2539287/gamelogs?season=2014
QB, Colin Kaepernick,http://www.nfl.com/player/colinkaepernick/2495186/gamelogs?season=2014
QB, Mike Kafka,http://www.nfl.com/player/mikekafka/497117/gamelogs?season=2014
QB, Case Keenum,http://www.nfl.com/player/casekeenum/2532888/gamelogs?season=2014
QB, G.J. Kinne,http://www.nfl.com/player/g.j.kinne/2535827/gamelogs?season=2014
QB, Thad Lewis,http://www.nfl.com/player/thadlewis/497121/gamelogs?season=2014
QB, Seth Lobato,http://www.nfl.com/player/sethlobato/2550367/gamelogs?season=2014
QB, Jerry Lovelocke,http://www.nfl.com/player/jerrylovelocke/2553558/gamelogs?season=2014
QB, Andrew Luck,http://www.nfl.com/player/andrewluck/2533031/gamelogs?season=2014
QB, Ryan Mallett,http://www.nfl.com/player/ryanmallett/2495443/gamelogs?season=2014
QB, Eli Manning,http://www.nfl.com/player/elimanning/2505996/gamelogs?season=2014
QB, Peyton Manning,http://www.nfl.com/player/peytonmanning/2501863/gamelogs?season=2014
QB, Sean Mannion,http://www.nfl.com/player/seanmannion/2552576/gamelogs?season=2014
QB, EJ Manuel,http://www.nfl.com/player/ejmanuel/2539228/gamelogs?season=2014
QB, Johnny Manziel,http://www.nfl.com/player/johnnymanziel/2543462/gamelogs?season=2014
QB, Marcus Mariota,http://www.nfl.com/player/marcusmariota/2552466/gamelogs?season=2014
QB, AJ McCarron,http://www.nfl.com/player/ajmccarron/2543497/gamelogs?season=2014
QB, Josh McCown,http://www.nfl.com/player/joshmccown/2505076/gamelogs?season=2014
QB, Luke McCown,http://www.nfl.com/player/lukemccown/2506053/gamelogs?season=2014
QB, Colt McCoy,http://www.nfl.com/player/coltmccoy/497123/gamelogs?season=2014
QB, Matt McGloin,http://www.nfl.com/player/mattmcgloin/2542065/gamelogs?season=2014
QB, Zach Mettenberger,http://www.nfl.com/player/zachmettenberger/2543605/gamelogs?season=2014
QB, Kellen Moore,http://www.nfl.com/player/kellenmoore/2532917/gamelogs?season=2014
QB, Matt Moore,http://www.nfl.com/player/mattmoore/2507282/gamelogs?season=2014
QB, Stephen Morris,http://www.nfl.com/player/stephenmorris/2550376/gamelogs?season=2014
QB, Aaron Murray,http://www.nfl.com/player/aaronmurray/2543587/gamelogs?season=2014
QB, Ryan Nassib,http://www.nfl.com/player/ryannassib/2539961/gamelogs?season=2014
QB, Cam Newton,http://www.nfl.com/player/camnewton/2495455/gamelogs?season=2014
QB, Dan Orlovsky,http://www.nfl.com/player/danorlovsky/2506481/gamelogs?season=2014
QB, Brock Osweiler,http://www.nfl.com/player/brockosweiler/2533436/gamelogs?season=2014
QB, Carson Palmer,http://www.nfl.com/player/carsonpalmer/2505245/gamelogs?season=2014
QB, Bryce Petty,http://www.nfl.com/player/brycepetty/2552369/gamelogs?season=2014
QB, Christian Ponder,http://www.nfl.com/player/christianponder/2495215/gamelogs?season=2014
QB, Terrelle Pryor,http://www.nfl.com/player/terrellepryor/2531332/gamelogs?season=2014
QB, Sean Renfree,http://www.nfl.com/player/seanrenfree/2540263/gamelogs?season=2014
QB, Bryn Renner,http://www.nfl.com/player/brynrenner/2550247/gamelogs?season=2014
QB, Chase Rettig,http://www.nfl.com/player/chaserettig/2550248/gamelogs?season=2014
QB, Philip Rivers,http://www.nfl.com/player/philiprivers/2506121/gamelogs?season=2014
QB, Aaron Rodgers,http://www.nfl.com/player/aaronrodgers/2506363/gamelogs?season=2014
QB, Ben Roethlisberger,http://www.nfl.com/player/benroethlisberger/2506109/gamelogs?season=2014
QB, Tony Romo,http://www.nfl.com/player/tonyromo/2505354/gamelogs?season=2014
QB, Matt Ryan,http://www.nfl.com/player/mattryan/310/gamelogs?season=2014
QB, Mark Sanchez,http://www.nfl.com/player/marksanchez/79858/gamelogs?season=2014
QB, Tom Savage,http://www.nfl.com/player/tomsavage/2543640/gamelogs?season=2014
QB, Matt Schaub,http://www.nfl.com/player/mattschaub/2505982/gamelogs?season=2014
QB, Connor Shaw,http://www.nfl.com/player/connorshaw/2550252/gamelogs?season=2014
QB, Jameill Showers,http://www.nfl.com/player/jameillshowers/2553600/gamelogs?season=2014
QB, Trevor Siemian,http://www.nfl.com/player/trevorsiemian/2553457/gamelogs?season=2014
QB, Matt Simms,http://www.nfl.com/player/mattsimms/2534889/gamelogs?season=2014
QB, Phillip Sims,http://www.nfl.com/player/phillipsims/2553780/gamelogs?season=2014
QB, Alex Smith,http://www.nfl.com/player/alexsmith/2506340/gamelogs?season=2014
QB, Geno Smith,http://www.nfl.com/player/genosmith/2539335/gamelogs?season=2014
QB, Brad Sorensen,http://www.nfl.com/player/bradsorensen/2539312/gamelogs?season=2014
QB, Matthew Stafford,http://www.nfl.com/player/matthewstafford/79860/gamelogs?season=2014
QB, Drew Stanton,http://www.nfl.com/player/drewstanton/2495748/gamelogs?season=2014
QB, Ricky Stanzi,http://www.nfl.com/player/rickystanzi/2495233/gamelogs?season=2014
QB, Ryan Tannehill,http://www.nfl.com/player/ryantannehill/2532956/gamelogs?season=2014
QB, Alex Tanney,http://www.nfl.com/player/alextanney/2534870/gamelogs?season=2014
QB, Tyrod Taylor,http://www.nfl.com/player/tyrodtaylor/2495240/gamelogs?season=2014
QB, Tim Tebow,http://www.nfl.com/player/timtebow/497135/gamelogs?season=2014
QB, Logan Thomas,http://www.nfl.com/player/loganthomas/2543767/gamelogs?season=2014
QB, Dylan Thompson,http://www.nfl.com/player/dylanthompson/2553480/gamelogs?season=2014
QB, Scott Tolzien,http://www.nfl.com/player/scotttolzien/2495425/gamelogs?season=2014
QB, Jeff Tuel,http://www.nfl.com/player/jefftuel/2541196/gamelogs?season=2014
QB, Dustin Vaughan,http://www.nfl.com/player/dustinvaughan/2550410/gamelogs?season=2014
QB, Joe Webb,http://www.nfl.com/player/joewebb/1037347/gamelogs?season=2014
QB, Brandon Weeden,http://www.nfl.com/player/brandonweeden/2532970/gamelogs?season=2014
QB, Keith Wenning,http://www.nfl.com/player/keithwenning/2543784/gamelogs?season=2014
QB, Charlie Whitehurst,http://www.nfl.com/player/charliewhitehurst/2495974/gamelogs?season=2014
QB, Russell Wilson,http://www.nfl.com/player/russellwilson/2532975/gamelogs?season=2014
QB, Jameis Winston,http://www.nfl.com/player/jameiswinston/2552033/gamelogs?season=2014
RB, Ameer Abdullah,http://www.nfl.com/player/ameerabdullah/2552374/gamelogs?season=2014
RB, D.J. Adams,http://www.nfl.com/player/d.j.adams/2550537/gamelogs?season=2014
RB, Ray Agnew,http://www.nfl.com/player/rayagnew/2550175/gamelogs?season=2014
RB, Jay Ajayi,http://www.nfl.com/player/jayajayi/2552582/gamelogs?season=2014
RB, Javorius Allen,http://www.nfl.com/player/javoriusallen/2552631/gamelogs?season=2014
RB, C.J. Anderson,http://www.nfl.com/player/c.j.anderson/2540269/gamelogs?season=2014
RB, Antonio Andrews,http://www.nfl.com/player/antonioandrews/2550474/gamelogs?season=2014
RB, Dri Archer,http://www.nfl.com/player/driarcher/2543596/gamelogs?season=2014
RB, Cameron Artis-Payne,http://www.nfl.com/player/cameronartis-payne/2552375/gamelogs?season=2014
RB, Matt Asiata,http://www.nfl.com/player/mattasiata/2495258/gamelogs?season=2014
RB, George Atkinson,http://www.nfl.com/player/georgeatkinson/2550540/gamelogs?season=2014
RB, Edwin Baker,http://www.nfl.com/player/edwinbaker/2533540/gamelogs?season=2014
RB, Montee Ball,http://www.nfl.com/player/monteeball/2539341/gamelogs?season=2014
RB, Vick Ballard,http://www.nfl.com/player/vickballard/2533012/gamelogs?season=2014
RB, Joe Banyard,http://www.nfl.com/player/joebanyard/2535696/gamelogs?season=2014
RB, Kenjon Barner,http://www.nfl.com/player/kenjonbarner/2539289/gamelogs?season=2014
RB, Joique Bell,http://www.nfl.com/player/joiquebell/497145/gamelogs?season=2014
RB, Le'Veon Bell,http://www.nfl.com/player/le'veonbell/2540175/gamelogs?season=2014
RB, Giovani Bernard,http://www.nfl.com/player/giovanibernard/2540156/gamelogs?season=2014
RB, Kapri Bibbs,http://www.nfl.com/player/kapribibbs/2550542/gamelogs?season=2014
RB, LeGarrette Blount,http://www.nfl.com/player/legarretteblount/497149/gamelogs?season=2014
RB, Alfred Blue,http://www.nfl.com/player/alfredblue/2543600/gamelogs?season=2014
RB, Tommy Bohanon,http://www.nfl.com/player/tommybohanon/2540225/gamelogs?season=2014
RB, Brandon Bolden,http://www.nfl.com/player/brandonbolden/2532797/gamelogs?season=2014
RB, Demitrius Bronson,http://www.nfl.com/player/demitriusbronson/2550841/gamelogs?season=2014
RB, Bryce Brown,http://www.nfl.com/player/brycebrown/2534796/gamelogs?season=2014
RB, Dominique Brown,http://www.nfl.com/player/dominiquebrown/2553695/gamelogs?season=2014
RB, Donald Brown,http://www.nfl.com/player/donaldbrown/2507779/gamelogs?season=2014
RB, Malcolm Brown,http://www.nfl.com/player/malcolmbrown/2552382/gamelogs?season=2014
RB, Rex Burkhead,http://www.nfl.com/player/rexburkhead/2539265/gamelogs?season=2014
RB, Michael Burton,http://www.nfl.com/player/michaelburton/2552636/gamelogs?season=2014
RB, Reggie Bush,http://www.nfl.com/player/reggiebush/2506874/gamelogs?season=2014
RB, Travaris Cadet,http://www.nfl.com/player/travariscadet/2535890/gamelogs?season=2014
RB, Jordan Campbell,http://www.nfl.com/player/jordancampbell/2541613/gamelogs?season=2014
RB, Ka'Deem Carey,http://www.nfl.com/player/ka'deemcarey/2543551/gamelogs?season=2014
RB, Jamaal Charles,http://www.nfl.com/player/jamaalcharles/925/gamelogs?season=2014
RB, Charles Clay,http://www.nfl.com/player/charlesclay/2495139/gamelogs?season=2014
RB, Tyler Clutts,http://www.nfl.com/player/tylerclutts/2508096/gamelogs?season=2014
RB, David Cobb,http://www.nfl.com/player/davidcobb/2552376/gamelogs?season=2014
RB, Derrick Coleman,http://www.nfl.com/player/derrickcoleman/2534871/gamelogs?season=2014
RB, Tevin Coleman,http://www.nfl.com/player/tevincoleman/2552453/gamelogs?season=2014
RB, John Conner,http://www.nfl.com/player/johnconner/2508051/gamelogs?season=2014
RB, J.C. Copeland,http://www.nfl.com/player/j.c.copeland/2550332/gamelogs?season=2014
RB, Brandon Cottom,http://www.nfl.com/player/brandoncottom/2553902/gamelogs?season=2014
RB, John Crockett,http://www.nfl.com/player/johncrockett/2553511/gamelogs?season=2014
RB, Isaiah Crowell,http://www.nfl.com/player/isaiahcrowell/2550189/gamelogs?season=2014
RB, Benny Cunningham,http://www.nfl.com/player/bennycunningham/2541544/gamelogs?season=2014
RB, Orleans Darkwa,http://www.nfl.com/player/orleansdarkwa/2550481/gamelogs?season=2014
RB, Knile Davis,http://www.nfl.com/player/kniledavis/2540178/gamelogs?season=2014
RB, Mike Davis,http://www.nfl.com/player/mikedavis/2553439/gamelogs?season=2014
RB, James Develin,http://www.nfl.com/player/jamesdevelin/2508101/gamelogs?season=2014
RB, Patrick DiMarco,http://www.nfl.com/player/patrickdimarco/2530763/gamelogs?season=2014
RB, Anthony Dixon,http://www.nfl.com/player/anthonydixon/497172/gamelogs?season=2014
RB, Shaun Draughn,http://www.nfl.com/player/shaundraughn/2495461/gamelogs?season=2014
RB, Lance Dunbar,http://www.nfl.com/player/lancedunbar/2535708/gamelogs?season=2014
RB, Joe Don Duncan,http://www.nfl.com/player/joedonduncan/2553191/gamelogs?season=2014
RB, Michael Dyer,http://www.nfl.com/player/michaeldyer/2553797/gamelogs?season=2014
RB, Jahwan Edwards,http://www.nfl.com/player/jahwanedwards/2553879/gamelogs?season=2014
RB, Andre Ellington,http://www.nfl.com/player/andreellington/2539217/gamelogs?season=2014
RB, Jerome Felton,http://www.nfl.com/player/jeromefelton/230/gamelogs?season=2014
RB, Justin Forsett,http://www.nfl.com/player/justinforsett/927/gamelogs?season=2014
RB, Matt Forte,http://www.nfl.com/player/mattforte/234/gamelogs?season=2014
RB, Arian Foster,http://www.nfl.com/player/arianfoster/79555/gamelogs?season=2014
RB, Jalston Fowler,http://www.nfl.com/player/jalstonfowler/2552464/gamelogs?season=2014
RB, Terrence Franks,http://www.nfl.com/player/terrencefranks/2553712/gamelogs?season=2014
RB, Devont Freeman,http://www.nfl.com/player/devontafreeman/2543583/gamelogs?season=2014
RB, Tyler Gaffney,http://www.nfl.com/player/tylergaffney/2543655/gamelogs?season=2014
RB, Kendall Gaskins,http://www.nfl.com/player/kendallgaskins/2541778/gamelogs?season=2014
RB, Toby Gerhart,http://www.nfl.com/player/tobygerhart/497176/gamelogs?season=2014
RB, Mike Gillislee,http://www.nfl.com/player/mikegillislee/2539663/gamelogs?season=2014
RB, Melvin Gordon,http://www.nfl.com/player/melvingordon/2552469/gamelogs?season=2014
RB, Frank Gore,http://www.nfl.com/player/frankgore/2506404/gamelogs?season=2014
RB, Corey Grant,http://www.nfl.com/player/coreygrant/2553650/gamelogs?season=2014
RB, Cyrus Gray,http://www.nfl.com/player/cyrusgray/2532851/gamelogs?season=2014
RB, Jonas Gray,http://www.nfl.com/player/jonasgray/2533030/gamelogs?season=2014
RB, Marion Grice,http://www.nfl.com/player/mariongrice/2543690/gamelogs?season=2014
RB, Jonathan Grimes,http://www.nfl.com/player/jonathangrimes/2534770/gamelogs?season=2014
RB, Todd Gurley,http://www.nfl.com/player/toddgurley/2552475/gamelogs?season=2014
RB, Kenneth Harper,http://www.nfl.com/player/kennethharper/2553889/gamelogs?season=2014
RB, Alonzo Harris,http://www.nfl.com/player/alonzoharris/2553533/gamelogs?season=2014
RB, DuJuan Harris,http://www.nfl.com/player/dujuanharris/2530690/gamelogs?season=2014
RB, Josh Harris,http://www.nfl.com/player/joshharris/2551247/gamelogs?season=2014
RB, Roy Helu,http://www.nfl.com/player/royhelu/2495161/gamelogs?season=2014
RB, Dan Herron,http://www.nfl.com/player/danherron/2532864/gamelogs?season=2014
RB, Tim Hightower,http://www.nfl.com/player/timhightower/4383/gamelogs?season=2014
RB, Jeremy Hill,http://www.nfl.com/player/jeremyhill/2543603/gamelogs?season=2014
RB, Keshawn Hill,http://www.nfl.com/player/keshawnhill/2553930/gamelogs?season=2014
RB, Michael Hill,http://www.nfl.com/player/michaelhill/2541986/gamelogs?season=2014
RB, Kenny Hilliard,http://www.nfl.com/player/kennyhilliard/2552476/gamelogs?season=2014
RB, Ronnie Hillman,http://www.nfl.com/player/ronniehillman/2533437/gamelogs?season=2014
RB, Robert Hughes,http://www.nfl.com/player/roberthughes/2530516/gamelogs?season=2014
RB, Akeem Hunt,http://www.nfl.com/player/akeemhunt/2553660/gamelogs?season=2014
RB, Kendall Hunter,http://www.nfl.com/player/kendallhunter/2495172/gamelogs?season=2014
RB, Carlos Hyde,http://www.nfl.com/player/carloshyde/2543743/gamelogs?season=2014
RB, Henry Hynoski,http://www.nfl.com/player/henryhynoski/2530699/gamelogs?season=2014
RB, Mark Ingram,http://www.nfl.com/player/markingram/2495466/gamelogs?season=2014
RB, Joey Iosefa,http://www.nfl.com/player/joeyiosefa/2552634/gamelogs?season=2014
RB, Chris Ivory,http://www.nfl.com/player/chrisivory/2507999/gamelogs?season=2014
RB, Fred Jackson,http://www.nfl.com/player/fredjackson/2506871/gamelogs?season=2014
RB, LaMichael James,http://www.nfl.com/player/lamichaeljames/2533036/gamelogs?season=2014
RB, Mike James,http://www.nfl.com/player/mikejames/2540224/gamelogs?season=2014
RB, Rashad Jennings,http://www.nfl.com/player/rashadjennings/71345/gamelogs?season=2014
RB, Austin Johnson,http://www.nfl.com/player/austinjohnson/2534437/gamelogs?season=2014
RB, David Johnson,http://www.nfl.com/player/davidjohnson/2553435/gamelogs?season=2014
RB, Duke Johnson,http://www.nfl.com/player/dukejohnson/2552461/gamelogs?season=2014
RB, Storm Johnson,http://www.nfl.com/player/stormjohnson/2543570/gamelogs?season=2014
RB, Will Johnson,http://www.nfl.com/player/willjohnson/163982/gamelogs?season=2014
RB, Matt Jones,http://www.nfl.com/player/mattjones/2552635/gamelogs?season=2014
RB, Taiwan Jones,http://www.nfl.com/player/taiwanjones/2495467/gamelogs?season=2014
RB, Kyle Juszczyk,http://www.nfl.com/player/kylejuszczyk/2540230/gamelogs?season=2014
RB, John Kuhn,http://www.nfl.com/player/johnkuhn/2506147/gamelogs?season=2014
RB, Eddie Lacy,http://www.nfl.com/player/eddielacy/2540168/gamelogs?season=2014
RB, Jorvorskie Lane,http://www.nfl.com/player/jorvorskielane/2536532/gamelogs?season=2014
RB, Jeremy Langford,http://www.nfl.com/player/jeremylangford/2552379/gamelogs?season=2014
RB, Paul Lasike,http://www.nfl.com/player/paullasike/2553551/gamelogs?season=2014
RB, Zach Laskey,http://www.nfl.com/player/zachlaskey/2553721/gamelogs?season=2014
RB, Dion Lewis,http://www.nfl.com/player/dionlewis/2495469/gamelogs?season=2014
RB, Zach Line,http://www.nfl.com/player/zachline/2539303/gamelogs?season=2014
RB, Erik Lorig,http://www.nfl.com/player/eriklorig/496812/gamelogs?season=2014
RB, Luke Lundy,http://www.nfl.com/player/lukelundy/2553834/gamelogs?season=2014
RB, Marshawn Lynch,http://www.nfl.com/player/marshawnlynch/2495663/gamelogs?season=2014
RB, Terrence Magee,http://www.nfl.com/player/terrencemagee/2552383/gamelogs?season=2014
RB, Desmond Martin,http://www.nfl.com/player/desmondmartin/2553903/gamelogs?season=2014
RB, Doug Martin,http://www.nfl.com/player/dougmartin/2532899/gamelogs?season=2014
RB, Tre Mason,http://www.nfl.com/player/tremason/2543502/gamelogs?season=2014
RB, Ryan Mathews,http://www.nfl.com/player/ryanmathews/497188/gamelogs?season=2014
RB, Dexter McCluster,http://www.nfl.com/player/dextermccluster/497190/gamelogs?season=2014
RB, LeSean McCoy,http://www.nfl.com/player/leseanmccoy/79607/gamelogs?season=2014
RB, Darren McFadden,http://www.nfl.com/player/darrenmcfadden/284/gamelogs?season=2014
RB, Jerick McKinnon,http://www.nfl.com/player/jerickmckinnon/2543715/gamelogs?season=2014
RB, Christine Michael,http://www.nfl.com/player/christinemichael/2539322/gamelogs?season=2014
RB, Trey Millard,http://www.nfl.com/player/treymillard/2543632/gamelogs?season=2014
RB, Bruce Miller,http://www.nfl.com/player/brucemiller/2495314/gamelogs?season=2014
RB, Lamar Miller,http://www.nfl.com/player/lamarmiller/2533034/gamelogs?season=2014
RB, Collin Mooney,http://www.nfl.com/player/collinmooney/2535667/gamelogs?season=2014
RB, Alfred Morris,http://www.nfl.com/player/alfredmorris/2533457/gamelogs?season=2014
RB, Raheem Mostert,http://www.nfl.com/player/raheemmostert/2553728/gamelogs?season=2014
RB, Marcus Murphy,http://www.nfl.com/player/marcusmurphy/2552647/gamelogs?season=2014
RB, DeMarco Murray,http://www.nfl.com/player/demarcomurray/2495207/gamelogs?season=2014
RB, Latavius Murray,http://www.nfl.com/player/lataviusmurray/2541161/gamelogs?season=2014
RB, Rajion Neal,http://www.nfl.com/player/rajionneal/2550233/gamelogs?season=2014
RB, Connor Neighbors,http://www.nfl.com/player/connorneighbors/2553818/gamelogs?season=2014
RB, Roosevelt Nix,http://www.nfl.com/player/rooseveltnix/2550235/gamelogs?season=2014
RB, Jamize Olawale,http://www.nfl.com/player/jamizeolawale/2536044/gamelogs?season=2014
RB, Branden Oliver,http://www.nfl.com/player/brandenoliver/2550658/gamelogs?season=2014
RB, Toben Opurum,http://www.nfl.com/player/tobenopurum/2542069/gamelogs?season=2014
RB, Isaiah Pead,http://www.nfl.com/player/isaiahpead/2532926/gamelogs?season=2014
RB, Cedric Peerman,http://www.nfl.com/player/cedricpeerman/79629/gamelogs?season=2014
RB, Senorise Perry,http://www.nfl.com/player/senoriseperry/2550633/gamelogs?season=2014
RB, Adrian Peterson,http://www.nfl.com/player/adrianpeterson/2507164/gamelogs?season=2014
RB, Bernard Pierce,http://www.nfl.com/player/bernardpierce/2533545/gamelogs?season=2014
RB, Chris Polk,http://www.nfl.com/player/chrispolk/2533037/gamelogs?season=2014
RB, Bilal Powell,http://www.nfl.com/player/bilalpowell/2495328/gamelogs?season=2014
RB, Jay Prosch,http://www.nfl.com/player/jayprosch/2543695/gamelogs?season=2014
RB, Bobby Rainey,http://www.nfl.com/player/bobbyrainey/2534571/gamelogs?season=2014
RB, Joseph Randle,http://www.nfl.com/player/josephrandle/2540171/gamelogs?season=2014
RB, Thomas Rawls,http://www.nfl.com/player/thomasrawls/2553733/gamelogs?season=2014
RB, Darrin Reaves,http://www.nfl.com/player/darrinreaves/2550596/gamelogs?season=2014
RB, Silas Redd,http://www.nfl.com/player/silasredd/2550529/gamelogs?season=2014
RB, Marcel Reece,http://www.nfl.com/player/marcelreece/4433/gamelogs?season=2014
RB, Chase Reynolds,http://www.nfl.com/player/chasereynolds/2531218/gamelogs?season=2014
RB, Daryl Richardson,http://www.nfl.com/player/darylrichardson/2534789/gamelogs?season=2014
RB, Trent Richardson,http://www.nfl.com/player/trentrichardson/2533032/gamelogs?season=2014
RB, Theo Riddick,http://www.nfl.com/player/theoriddick/2540020/gamelogs?season=2014
RB, Stevan Ridley,http://www.nfl.com/player/stevanridley/2495470/gamelogs?season=2014
RB, Aaron Ripkowski,http://www.nfl.com/player/aaronripkowski/2552477/gamelogs?season=2014
RB, Denard Robinson,http://www.nfl.com/player/denardrobinson/2539260/gamelogs?season=2014
RB, Josh Robinson,http://www.nfl.com/player/joshrobinson/2553462/gamelogs?season=2014
RB, Khiry Robinson,http://www.nfl.com/player/khiryrobinson/2542022/gamelogs?season=2014
RB, Jacquizz Rodgers,http://www.nfl.com/player/jacquizzrodgers/2495471/gamelogs?season=2014
RB, Bishop Sankey,http://www.nfl.com/player/bishopsankey/2543682/gamelogs?season=2014
RB, Lache Seastrunk,http://www.nfl.com/player/lacheseastrunk/2543559/gamelogs?season=2014
RB, Anthony Sherman,http://www.nfl.com/player/anthonysherman/2495340/gamelogs?season=2014
RB, Charles Sims,http://www.nfl.com/player/charlessims/2543770/gamelogs?season=2014
RB, Kiero Small,http://www.nfl.com/player/kierosmall/2550157/gamelogs?season=2014
RB, Antone Smith,http://www.nfl.com/player/antonesmith/89798/gamelogs?season=2014
RB, Dreamius Smith,http://www.nfl.com/player/dreamiussmith/2553848/gamelogs?season=2014
RB, Jerome Smith,http://www.nfl.com/player/jeromesmith/2550255/gamelogs?season=2014
RB, Rod Smith,http://www.nfl.com/player/rodsmith/2553743/gamelogs?season=2014
RB, C.J. Spiller,http://www.nfl.com/player/c.j.spiller/497204/gamelogs?season=2014
RB, Darren Sproles,http://www.nfl.com/player/darrensproles/2506467/gamelogs?season=2014
RB, Zac Stacy,http://www.nfl.com/player/zacstacy/2540273/gamelogs?season=2014
RB, James Starks,http://www.nfl.com/player/jamesstarks/497206/gamelogs?season=2014
RB, Jeremy Stewart,http://www.nfl.com/player/jeremystewart/2536056/gamelogs?season=2014
RB, Jonathan Stewart,http://www.nfl.com/player/jonathanstewart/949/gamelogs?season=2014
RB, Cameron Stingily,http://www.nfl.com/player/cameronstingily/2553849/gamelogs?season=2014
RB, Lorenzo Taliaferro,http://www.nfl.com/player/lorenzotaliaferro/2543704/gamelogs?season=2014
RB, Stepfan Taylor,http://www.nfl.com/player/stepfantaylor/2539315/gamelogs?season=2014
RB, Marcus Thigpen,http://www.nfl.com/player/marcusthigpen/2507596/gamelogs?season=2014
RB, Daniel Thomas,http://www.nfl.com/player/danielthomas/2495241/gamelogs?season=2014
RB, Chris Thompson,http://www.nfl.com/player/christhompson/2540011/gamelogs?season=2014
RB, Juwan Thompson,http://www.nfl.com/player/juwanthompson/2550263/gamelogs?season=2014
RB, Zurlon Tipton,http://www.nfl.com/player/zurlontipton/2550407/gamelogs?season=2014
RB, Jordan Todman,http://www.nfl.com/player/jordantodman/2495472/gamelogs?season=2014
RB, Mike Tolbert,http://www.nfl.com/player/miketolbert/2507428/gamelogs?season=2014
RB, Abou Toure,http://www.nfl.com/player/aboutoure/2553853/gamelogs?season=2014
RB, Fitzgerald Toussaint,http://www.nfl.com/player/fitzgeraldtoussaint/2550738/gamelogs?season=2014
RB, Matthew Tucker,http://www.nfl.com/player/matthewtucker/2540274/gamelogs?season=2014
RB, Will Tukuafu,http://www.nfl.com/player/willtukuafu/2527672/gamelogs?season=2014
RB, Robert Turbin,http://www.nfl.com/player/robertturbin/2533460/gamelogs?season=2014
RB, Tyler Varga,http://www.nfl.com/player/tylervarga/2552578/gamelogs?season=2014
RB, Shane Vereen,http://www.nfl.com/player/shanevereen/2495473/gamelogs?season=2014
RB, Lee Ward,http://www.nfl.com/player/leeward/2553855/gamelogs?season=2014
RB, Terron Ward,http://www.nfl.com/player/terronward/2553762/gamelogs?season=2014
RB, Spencer Ware,http://www.nfl.com/player/spencerware/2540204/gamelogs?season=2014
RB, Terrell Watson,http://www.nfl.com/player/terrellwatson/2553617/gamelogs?season=2014
RB, Trey Watts,http://www.nfl.com/player/treywatts/2550448/gamelogs?season=2014
RB, Brandon Wegher,http://www.nfl.com/player/brandonwegher/2553618/gamelogs?season=2014
RB, Mark Weisman,http://www.nfl.com/player/markweisman/2553619/gamelogs?season=2014
RB, Charcandrick West,http://www.nfl.com/player/charcandrickwest/2550268/gamelogs?season=2014
RB, Terrance West,http://www.nfl.com/player/terrancewest/2543664/gamelogs?season=2014
RB, James White,http://www.nfl.com/player/jameswhite/2543773/gamelogs?season=2014
RB, Nikit Whitlock,http://www.nfl.com/player/nikitawhitlock/2550270/gamelogs?season=2014
RB, Fozzy Whittaker,http://www.nfl.com/player/fozzywhittaker/2540037/gamelogs?season=2014
RB, James Jr. Wilder,http://www.nfl.com/player/jameswilderjr./2550271/gamelogs?season=2014
RB, Andre Williams,http://www.nfl.com/player/andrewilliams/2543565/gamelogs?season=2014
RB, Damien Williams,http://www.nfl.com/player/damienwilliams/2550512/gamelogs?season=2014
RB, DeAngelo Williams,http://www.nfl.com/player/deangelowilliams/2495979/gamelogs?season=2014
RB, Dominique Williams,http://www.nfl.com/player/dominiquewilliams/2550419/gamelogs?season=2014
RB, Karlos Williams,http://www.nfl.com/player/karloswilliams/2552380/gamelogs?season=2014
RB, Kerwynn Williams,http://www.nfl.com/player/kerwynnwilliams/2539980/gamelogs?season=2014
RB, Ryan Williams,http://www.nfl.com/player/ryanwilliams/2495474/gamelogs?season=2014
RB, Trey Williams,http://www.nfl.com/player/treywilliams/2553486/gamelogs?season=2014
RB, George Winn,http://www.nfl.com/player/georgewinn/2541910/gamelogs?season=2014
RB, Glenn Winston,http://www.nfl.com/player/glennwinston/2551357/gamelogs?season=2014
RB, Danny Woodhead,http://www.nfl.com/player/dannywoodhead/4327/gamelogs?season=2014
RB, T.J. Yeldon,http://www.nfl.com/player/t.j.yeldon/2552471/gamelogs?season=2014
RB, Darrel Young,http://www.nfl.com/player/darrelyoung/2507737/gamelogs?season=2014
RB, Zach Zenner,http://www.nfl.com/player/zachzenner/2553631/gamelogs?season=2014
WR, Jared Abbrederis,http://www.nfl.com/player/jaredabbrederis/2543774/gamelogs?season=2014
WR, Davante Adams,http://www.nfl.com/player/davanteadams/2543495/gamelogs?season=2014
WR, Nelson Agholor,http://www.nfl.com/player/nelsonagholor/2552600/gamelogs?season=2014
WR, Kamar Aiken,http://www.nfl.com/player/kamaraiken/2530660/gamelogs?season=2014
WR, Seyi Ajirotutu,http://www.nfl.com/player/seyiajirotutu/497260/gamelogs?season=2014
WR, Mario Alford,http://www.nfl.com/player/marioalford/2552650/gamelogs?season=2014
WR, Keenan Allen,http://www.nfl.com/player/keenanallen/2540154/gamelogs?season=2014
WR, Torrence Allen,http://www.nfl.com/player/torrenceallen/2550452/gamelogs?season=2014
WR, Danny Amendola,http://www.nfl.com/player/dannyamendola/2649/gamelogs?season=2014
WR, Dres Anderson,http://www.nfl.com/player/dresanderson/2552413/gamelogs?season=2014
WR, Damarr Aultman,http://www.nfl.com/player/damarraultman/2553634/gamelogs?season=2014
WR, Miles Austin,http://www.nfl.com/player/milesaustin/2495801/gamelogs?season=2014
WR, Tavon Austin,http://www.nfl.com/player/tavonaustin/2539336/gamelogs?season=2014
WR, Jason Avant,http://www.nfl.com/player/jasonavant/2495802/gamelogs?season=2014
WR, Rasheed Bailey,http://www.nfl.com/player/rasheedbailey/2553692/gamelogs?season=2014
WR, Stedman Bailey,http://www.nfl.com/player/stedmanbailey/2540157/gamelogs?season=2014
WR, Doug Baldwin,http://www.nfl.com/player/dougbaldwin/2530747/gamelogs?season=2014
WR, Cole Beasley,http://www.nfl.com/player/colebeasley/2535698/gamelogs?season=2014
WR, Odell Beckham,http://www.nfl.com/player/odellbeckham/2543496/gamelogs?season=2014
WR, Kenny Bell,http://www.nfl.com/player/kennybell/2552421/gamelogs?season=2014
WR, Reggie Bell,http://www.nfl.com/player/reggiebell/2553482/gamelogs?season=2014
WR, Josh Bellamy,http://www.nfl.com/player/joshbellamy/2535964/gamelogs?season=2014
WR, Kelvin Benjamin,http://www.nfl.com/player/kelvinbenjamin/2543471/gamelogs?season=2014
WR, Travis Benjamin,http://www.nfl.com/player/travisbenjamin/2532790/gamelogs?season=2014
WR, Arrelious Benn,http://www.nfl.com/player/arreliousbenn/497270/gamelogs?season=2014
WR, Brenton Bersin,http://www.nfl.com/player/brentonbersin/2535966/gamelogs?season=2014
WR, Armon Binns,http://www.nfl.com/player/armonbinns/2495446/gamelogs?season=2014
WR, Justin Blackmon,http://www.nfl.com/player/justinblackmon/2533038/gamelogs?season=2014
WR, Emory Blake,http://www.nfl.com/player/emoryblake/2539962/gamelogs?season=2014
WR, Issac Blakeney,http://www.nfl.com/player/issacblakeney/2553466/gamelogs?season=2014
WR, Javess Blue,http://www.nfl.com/player/javessblue/2553494/gamelogs?season=2014
WR, Anquan Boldin,http://www.nfl.com/player/anquanboldin/2505587/gamelogs?season=2014
WR, Alan Bonner,http://www.nfl.com/player/alanbonner/2540260/gamelogs?season=2014
WR, Dwayne Bowe,http://www.nfl.com/player/dwaynebowe/2495558/gamelogs?season=2014
WR, Josh Boyce,http://www.nfl.com/player/joshboyce/2540181/gamelogs?season=2014
WR, Chris Boyd,http://www.nfl.com/player/chrisboyd/2550319/gamelogs?season=2014
WR, Jarrett Boykin,http://www.nfl.com/player/jarrettboykin/2532799/gamelogs?season=2014
WR, Quan Bray,http://www.nfl.com/player/quanbray/2553467/gamelogs?season=2014
WR, Kenny Britt,http://www.nfl.com/player/kennybritt/71217/gamelogs?season=2014
WR, Antonio Brown,http://www.nfl.com/player/antoniobrown/2508061/gamelogs?season=2014
WR, Corey Brown,http://www.nfl.com/player/coreybrown/2550546/gamelogs?season=2014
WR, Da'Ron Brown,http://www.nfl.com/player/da'ronbrown/2552479/gamelogs?season=2014
WR, Daniel Brown,http://www.nfl.com/player/danielbrown/2553900/gamelogs?season=2014
WR, Jaron Brown,http://www.nfl.com/player/jaronbrown/2541966/gamelogs?season=2014
WR, John Brown,http://www.nfl.com/player/johnbrown/2543847/gamelogs?season=2014
WR, Justin Brown,http://www.nfl.com/player/justinbrown/2541314/gamelogs?season=2014
WR, Marlon Brown,http://www.nfl.com/player/marlonbrown/2540005/gamelogs?season=2014
WR, Vincent Brown,http://www.nfl.com/player/vincentbrown/2508115/gamelogs?season=2014
WR, Mike Brown,http://www.nfl.com/player/mikebrown/2535882/gamelogs?season=2014
WR, Ryan Broyles,http://www.nfl.com/player/ryanbroyles/2532807/gamelogs?season=2014
WR, Dez Bryant,http://www.nfl.com/player/dezbryant/497278/gamelogs?season=2014
WR, Martavis Bryant,http://www.nfl.com/player/martavisbryant/2543572/gamelogs?season=2014
WR, Isaiah Burse,http://www.nfl.com/player/isaiahburse/2550182/gamelogs?season=2014
WR, Brice Butler,http://www.nfl.com/player/bricebutler/2541388/gamelogs?season=2014
WR, Jeremy Butler,http://www.nfl.com/player/jeremybutler/2550183/gamelogs?season=2014
WR, Damiere Byrd,http://www.nfl.com/player/damierebyrd/2553499/gamelogs?season=2014
WR, LaRon Byrd,http://www.nfl.com/player/laronbyrd/2532809/gamelogs?season=2014
WR, Andre Caldwell,http://www.nfl.com/player/andrecaldwell/206/gamelogs?season=2014
WR, Michael Campanaro,http://www.nfl.com/player/michaelcampanaro/2550163/gamelogs?season=2014
WR, DiAndre Campbell,http://www.nfl.com/player/diandrecampbell/2553468/gamelogs?season=2014
WR, DeAndre Carter,http://www.nfl.com/player/deandrecarter/2553502/gamelogs?season=2014
WR, Duron Carter,http://www.nfl.com/player/duroncarter/2552616/gamelogs?season=2014
WR, John Chiles,http://www.nfl.com/player/johnchiles/2530669/gamelogs?season=2014
WR, Marquez Clark,http://www.nfl.com/player/marquezclark/2553504/gamelogs?season=2014
WR, Kaelin Clay,http://www.nfl.com/player/kaelinclay/2552651/gamelogs?season=2014
WR, Kasey Closs,http://www.nfl.com/player/kaseycloss/2553872/gamelogs?season=2014
WR, Sammie Coates,http://www.nfl.com/player/sammiecoates/2552470/gamelogs?season=2014
WR, Randall Cobb,http://www.nfl.com/player/randallcobb/2495448/gamelogs?season=2014
WR, Brandon Coleman,http://www.nfl.com/player/brandoncoleman/2550328/gamelogs?season=2014
WR, Ricky Collins,http://www.nfl.com/player/rickycollins/2553506/gamelogs?season=2014
WR, Marques Colston,http://www.nfl.com/player/marquescolston/2495821/gamelogs?season=2014
WR, Kevin Cone,http://www.nfl.com/player/kevincone/2531203/gamelogs?season=2014
WR, Chris Conley,http://www.nfl.com/player/chrisconley/2552652/gamelogs?season=2014
WR, Kenny Cook,http://www.nfl.com/player/kennycook/2553792/gamelogs?season=2014
WR, Brandin Cooks,http://www.nfl.com/player/brandincooks/2543498/gamelogs?season=2014
WR, Amari Cooper,http://www.nfl.com/player/amaricooper/2552487/gamelogs?season=2014
WR, Riley Cooper,http://www.nfl.com/player/rileycooper/497282/gamelogs?season=2014
WR, Damian Copeland,http://www.nfl.com/player/damiancopeland/2550331/gamelogs?season=2014
WR, Jerricho Cotchery,http://www.nfl.com/player/jerrichocotchery/2506004/gamelogs?season=2014
WR, Adrian Coxson,http://www.nfl.com/player/adriancoxson/2553509/gamelogs?season=2014
WR, Michael Crabtree,http://www.nfl.com/player/michaelcrabtree/71269/gamelogs?season=2014
WR, Juron Criner,http://www.nfl.com/player/juroncriner/2532823/gamelogs?season=2014
WR, Jamison Crowder,http://www.nfl.com/player/jamisoncrowder/2552415/gamelogs?season=2014
WR, Victor Cruz,http://www.nfl.com/player/victorcruz/2507855/gamelogs?season=2014
WR, B.J. Daniels,http://www.nfl.com/player/b.j.daniels/2541429/gamelogs?season=2014
WR, DaVaris Daniels,http://www.nfl.com/player/davarisdaniels/2553641/gamelogs?season=2014
WR, Andre Davis,http://www.nfl.com/player/andredavis/2553514/gamelogs?season=2014
WR, Devante Davis,http://www.nfl.com/player/devantedavis/2553703/gamelogs?season=2014
WR, Geremy Davis,http://www.nfl.com/player/geremydavis/2552654/gamelogs?season=2014
WR, Jace Davis,http://www.nfl.com/player/jacedavis/2550192/gamelogs?season=2014
WR, Titus Davis,http://www.nfl.com/player/titusdavis/2553874/gamelogs?season=2014
WR, Andre Debose,http://www.nfl.com/player/andredebose/2553453/gamelogs?season=2014
WR, Eric Decker,http://www.nfl.com/player/ericdecker/497284/gamelogs?season=2014
WR, Dorin Dickerson,http://www.nfl.com/player/dorindickerson/497222/gamelogs?season=2014
WR, Stefon Diggs,http://www.nfl.com/player/stefondiggs/2552608/gamelogs?season=2014
WR, Aaron Dobson,http://www.nfl.com/player/aarondobson/2539256/gamelogs?season=2014
WR, Phillip Dorsett,http://www.nfl.com/player/phillipdorsett/2552424/gamelogs?season=2014
WR, Tandon Doss,http://www.nfl.com/player/tandondoss/2495449/gamelogs?season=2014
WR, Harry Douglas,http://www.nfl.com/player/harrydouglas/222/gamelogs?season=2014
WR, Quinton Dunbar,http://www.nfl.com/player/quintondunbar/2553796/gamelogs?season=2014
WR, Reggie Dunn,http://www.nfl.com/player/reggiedunn/2541201/gamelogs?season=2014
WR, Kris Durham,http://www.nfl.com/player/krisdurham/2499248/gamelogs?season=2014
WR, Dontee Dye,http://www.nfl.com/player/donteeadye/2553876/gamelogs?season=2014
WR, Marcus Easley,http://www.nfl.com/player/marcuseasley/497286/gamelogs?season=2014
WR, Julian Edelman,http://www.nfl.com/player/julianedelman/238498/gamelogs?season=2014
WR, Ben Edwards,http://www.nfl.com/player/benedwards/2553878/gamelogs?season=2014
WR, Bruce Ellington,http://www.nfl.com/player/bruceellington/2543646/gamelogs?season=2014
WR, Quincy Enunwa,http://www.nfl.com/player/quincyenunwa/2543828/gamelogs?season=2014
WR, Mike Evans,http://www.nfl.com/player/mikeevans/2543468/gamelogs?season=2014
WR, Shaq Evans,http://www.nfl.com/player/shaqevans/2543761/gamelogs?season=2014
WR, George Farmer,http://www.nfl.com/player/georgefarmer/2553767/gamelogs?season=2014
WR, Isiah Ferguson,http://www.nfl.com/player/isiahferguson/2553768/gamelogs?season=2014
WR, Larry Fitzgerald,http://www.nfl.com/player/larryfitzgerald/2506106/gamelogs?season=2014
WR, Malcom Floyd,http://www.nfl.com/player/malcomfloyd/2505785/gamelogs?season=2014
WR, Michael Floyd,http://www.nfl.com/player/michaelfloyd/2532841/gamelogs?season=2014
WR, Jacoby Ford,http://www.nfl.com/player/jacobyford/497288/gamelogs?season=2014
WR, Donte Foster,http://www.nfl.com/player/dontefoster/2550341/gamelogs?season=2014
WR, Bennie Fowler,http://www.nfl.com/player/benniefowler/2550198/gamelogs?season=2014
WR, Deshon Foxx,http://www.nfl.com/player/deshonfoxx/2553917/gamelogs?season=2014
WR, Isaac Fruechte,http://www.nfl.com/player/isaacfruechte/2553883/gamelogs?season=2014
WR, Corey Fuller,http://www.nfl.com/player/coreyfuller/2540261/gamelogs?season=2014
WR, Devin Funchess,http://www.nfl.com/player/devinfunchess/2552458/gamelogs?season=2014
WR, Taylor Gabriel,http://www.nfl.com/player/taylorgabriel/2550617/gamelogs?season=2014
WR, Pierre Garcon,http://www.nfl.com/player/pierregarcon/2346/gamelogs?season=2014
WR, Devin Gardner,http://www.nfl.com/player/devingardner/2553649/gamelogs?season=2014
WR, Clyde Gates,http://www.nfl.com/player/clydegates/2495284/gamelogs?season=2014
WR, Brandon Gibson,http://www.nfl.com/player/brandongibson/81288/gamelogs?season=2014
WR, Ted Ginn,http://www.nfl.com/player/tedginn/2507166/gamelogs?season=2014
WR, Chris Givens,http://www.nfl.com/player/chrisgivens/2535634/gamelogs?season=2014
WR, Brittan Golden,http://www.nfl.com/player/brittangolden/2535988/gamelogs?season=2014
WR, Antwan Goodley,http://www.nfl.com/player/antwangoodley/2553526/gamelogs?season=2014
WR, C.J. Goodwin,http://www.nfl.com/player/c.j.goodwin/2550767/gamelogs?season=2014
WR, Marquise Goodwin,http://www.nfl.com/player/marquisegoodwin/2539964/gamelogs?season=2014
WR, Josh Gordon,http://www.nfl.com/player/joshgordon/2537931/gamelogs?season=2014
WR, T.J. Graham,http://www.nfl.com/player/t.j.graham/2532850/gamelogs?season=2014
WR, Ryan Grant,http://www.nfl.com/player/ryangrant/2543759/gamelogs?season=2014
WR, A.J. Green,http://www.nfl.com/player/a.j.green/2495450/gamelogs?season=2014
WR, Dorial Green-Beckham,http://www.nfl.com/player/dorialgreen-beckham/2552491/gamelogs?season=2014
WR, Deontay Greenberry,http://www.nfl.com/player/deontaygreenberry/2553527/gamelogs?season=2014
WR, Rashad Greene,http://www.nfl.com/player/rashadgreene/2552425/gamelogs?season=2014
WR, Jarred Haggins,http://www.nfl.com/player/jarredhaggins/2553886/gamelogs?season=2014
WR, Saalim Hakim,http://www.nfl.com/player/saalimhakim/2535716/gamelogs?season=2014
WR, Rannell Hall,http://www.nfl.com/player/rannellhall/2553716/gamelogs?season=2014
WR, Cobi Hamilton,http://www.nfl.com/player/cobihamilton/2539203/gamelogs?season=2014
WR, Frankie Hammond,http://www.nfl.com/player/frankiehammond/2541828/gamelogs?season=2014
WR, Leonard Hankerson,http://www.nfl.com/player/leonardhankerson/2495158/gamelogs?season=2014
WR, Justin Hardy,http://www.nfl.com/player/justinhardy/2552418/gamelogs?season=2014
WR, Trevor Harman,http://www.nfl.com/player/trevorharman/2553755/gamelogs?season=2014
WR, Chris Harper,http://www.nfl.com/player/chrisharper/2539246/gamelogs?season=2014
WR, Chris Harper,http://www.nfl.com/player/chrisharper/2553652/gamelogs?season=2014
WR, Josh Harper,http://www.nfl.com/player/joshharper/2553653/gamelogs?season=2014
WR, Dwayne Harris,http://www.nfl.com/player/dwayneharris/2495159/gamelogs?season=2014
WR, John Harris,http://www.nfl.com/player/johnharris/2553717/gamelogs?season=2014
WR, Marcus Harris,http://www.nfl.com/player/marcusharris/2530959/gamelogs?season=2014
WR, R.J. Harris,http://www.nfl.com/player/r.j.harris/2553802/gamelogs?season=2014
WR, Brian Hartline,http://www.nfl.com/player/brianhartline/81831/gamelogs?season=2014
WR, Percy Harvin,http://www.nfl.com/player/percyharvin/80425/gamelogs?season=2014
WR, Nick Harwell,http://www.nfl.com/player/nickharwell/2553534/gamelogs?season=2014
WR, Andrew Hawkins,http://www.nfl.com/player/andrewhawkins/2508097/gamelogs?season=2014
WR, Matt Hazel,http://www.nfl.com/player/matthazel/2543792/gamelogs?season=2014
WR, Junior Hemingway,http://www.nfl.com/player/juniorhemingway/2532862/gamelogs?season=2014
WR, Javontee Herndon,http://www.nfl.com/player/javonteeherndon/2550459/gamelogs?season=2014
WR, Robert Herron,http://www.nfl.com/player/robertherron/2543777/gamelogs?season=2014
WR, Devin Hester,http://www.nfl.com/player/devinhester/2506897/gamelogs?season=2014
WR, Darrius Heyward-Bey,http://www.nfl.com/player/darriusheyward-bey/80427/gamelogs?season=2014
WR, Stephen Hill,http://www.nfl.com/player/stephenhill/2533537/gamelogs?season=2014
WR, T.Y. Hilton,http://www.nfl.com/player/t.y.hilton/2532865/gamelogs?season=2014
WR, Chris Hogan,http://www.nfl.com/player/chrishogan/2530515/gamelogs?season=2014
WR, Caleb Holley,http://www.nfl.com/player/calebholley/2550649/gamelogs?season=2014
WR, Trindon Holliday,http://www.nfl.com/player/trindonholliday/497218/gamelogs?season=2014
WR, Andre Holmes,http://www.nfl.com/player/andreholmes/2495453/gamelogs?season=2014
WR, DeAndre Hopkins,http://www.nfl.com/player/deandrehopkins/2540165/gamelogs?season=2014
WR, Josh Huff,http://www.nfl.com/player/joshhuff/2543746/gamelogs?season=2014
WR, Mario Hull,http://www.nfl.com/player/mariohull/2554141/gamelogs?season=2014
WR, Adam Humphries,http://www.nfl.com/player/adamhumphries/2553895/gamelogs?season=2014
WR, Jimmie Hunt,http://www.nfl.com/player/jimmiehunt/2553539/gamelogs?season=2014
WR, Justin Hunter,http://www.nfl.com/player/justinhunter/2540151/gamelogs?season=2014
WR, Allen Hurns,http://www.nfl.com/player/allenhurns/2550353/gamelogs?season=2014
WR, Dontrelle Inman,http://www.nfl.com/player/dontrelleinman/2530700/gamelogs?season=2014
WR, DeSean Jackson,http://www.nfl.com/player/deseanjackson/1581/gamelogs?season=2014
WR, Vincent Jackson,http://www.nfl.com/player/vincentjackson/2506400/gamelogs?season=2014
WR, Chuck Jacobs,http://www.nfl.com/player/chuckjacobs/2541782/gamelogs?season=2014
WR, Jeff Janis,http://www.nfl.com/player/jeffjanis/2543750/gamelogs?season=2014
WR, Alshon Jeffery,http://www.nfl.com/player/alshonjeffery/2533039/gamelogs?season=2014
WR, A.J. Jenkins,http://www.nfl.com/player/a.j.jenkins/2532876/gamelogs?season=2014
WR, Darius Jennings,http://www.nfl.com/player/dariusjennings/2553896/gamelogs?season=2014
WR, Greg Jennings,http://www.nfl.com/player/gregjennings/2495867/gamelogs?season=2014
WR, Andre Johnson,http://www.nfl.com/player/andrejohnson/2505551/gamelogs?season=2014
WR, Calvin Johnson,http://www.nfl.com/player/calvinjohnson/2495647/gamelogs?season=2014
WR, Charles Johnson,http://www.nfl.com/player/charlesjohnson/2541147/gamelogs?season=2014
WR, Damaris Johnson,http://www.nfl.com/player/damarisjohnson/2536031/gamelogs?season=2014
WR, Steve Johnson,http://www.nfl.com/player/stevejohnson/768/gamelogs?season=2014
WR, Vernon Johnson,http://www.nfl.com/player/vernonjohnson/2553546/gamelogs?season=2014
WR, Christion Jones,http://www.nfl.com/player/christionjones/2553663/gamelogs?season=2014
WR, Jacoby Jones,http://www.nfl.com/player/jacobyjones/2495651/gamelogs?season=2014
WR, Marvin Jones,http://www.nfl.com/player/marvinjones/2532884/gamelogs?season=2014
WR, Julio Jones,http://www.nfl.com/player/juliojones/2495454/gamelogs?season=2014
WR, Seantavius Jones,http://www.nfl.com/player/seantaviusjones/2550359/gamelogs?season=2014
WR, T.J. Jones,http://www.nfl.com/player/t.j.jones/2543836/gamelogs?season=2014
WR, Tony Jones,http://www.nfl.com/player/tonyjones/2553483/gamelogs?season=2014
WR, Jermaine Kearse,http://www.nfl.com/player/jermainekearse/2532887/gamelogs?season=2014
WR, Malcome Kennedy,http://www.nfl.com/player/malcomekennedy/2553808/gamelogs?season=2014
WR, Jeremy Kerley,http://www.nfl.com/player/jeremykerley/2495189/gamelogs?season=2014
WR, Nigel King,http://www.nfl.com/player/nigelking/2553666/gamelogs?season=2014
WR, Tavarres King,http://www.nfl.com/player/tavarresking/2539235/gamelogs?season=2014
WR, Jonathan Krause,http://www.nfl.com/player/jonathankrause/2550216/gamelogs?season=2014
WR, Jake Kumerow,http://www.nfl.com/player/jakekumerow/2553548/gamelogs?season=2014
WR, Brandon LaFell,http://www.nfl.com/player/brandonlafell/497302/gamelogs?season=2014
WR, Travis Labhart,http://www.nfl.com/player/travislabhart/2550577/gamelogs?season=2014
WR, Jarvis Landry,http://www.nfl.com/player/jarvislandry/2543488/gamelogs?season=2014
WR, Ryan Lankford,http://www.nfl.com/player/ryanlankford/2550492/gamelogs?season=2014
WR, Cody Latimer,http://www.nfl.com/player/codylatimer/2543590/gamelogs?season=2014
WR, Rashad Lawrence,http://www.nfl.com/player/rashadlawrence/2550524/gamelogs?season=2014
WR, Marqise Lee,http://www.nfl.com/player/marqiselee/2543475/gamelogs?season=2014
WR, Josh Lenz,http://www.nfl.com/player/joshlenz/2541853/gamelogs?season=2014
WR, Jordan Leslie,http://www.nfl.com/player/jordanleslie/2553668/gamelogs?season=2014
WR, Dezmin Lewis,http://www.nfl.com/player/dezminlewis/2552411/gamelogs?season=2014
WR, Lance Lewis,http://www.nfl.com/player/lancelewis/2532893/gamelogs?season=2014
WR, Tony Lippett,http://www.nfl.com/player/tonylippett/2552427/gamelogs?season=2014
WR, Colin Lockett,http://www.nfl.com/player/colinlockett/2550220/gamelogs?season=2014
WR, Tyler Lockett,http://www.nfl.com/player/tylerlockett/2552430/gamelogs?season=2014
WR, Ricardo Lockette,http://www.nfl.com/player/ricardolockette/2495306/gamelogs?season=2014
WR, Deon Long,http://www.nfl.com/player/deonlong/2553811/gamelogs?season=2014
WR, Marcus Lucas,http://www.nfl.com/player/marcuslucas/2550581/gamelogs?season=2014
WR, Donatell Luckett,http://www.nfl.com/player/donatellaluckett/2553813/gamelogs?season=2014
WR, Gavin Lutman,http://www.nfl.com/player/gavinlutman/2553671/gamelogs?season=2014
WR, Jeremy Maclin,http://www.nfl.com/player/jeremymaclin/80429/gamelogs?season=2014
WR, Jeff Maehl,http://www.nfl.com/player/jeffmaehl/2530713/gamelogs?season=2014
WR, Marc Mariani,http://www.nfl.com/player/marcmariani/1037885/gamelogs?season=2014
WR, Bradley Marquez,http://www.nfl.com/player/bradleymarquez/2553725/gamelogs?season=2014
WR, Brandon Marshall,http://www.nfl.com/player/brandonmarshall/2495893/gamelogs?season=2014
WR, Keshawn Martin,http://www.nfl.com/player/keshawnmartin/2532900/gamelogs?season=2014
WR, Freddie Martino,http://www.nfl.com/player/freddiemartino/2550223/gamelogs?season=2014
WR, Chris Matthews,http://www.nfl.com/player/chrismatthews/2531049/gamelogs?season=2014
WR, Jordan Matthews,http://www.nfl.com/player/jordanmatthews/2543500/gamelogs?season=2014
WR, Rishard Matthews,http://www.nfl.com/player/rishardmatthews/2532903/gamelogs?season=2014
WR, Vince Mayle,http://www.nfl.com/player/vincemayle/2552431/gamelogs?season=2014
WR, Tre McBride,http://www.nfl.com/player/tremcbride/2552428/gamelogs?season=2014
WR, Douglas McNeil,http://www.nfl.com/player/douglasmcneil/2551930/gamelogs?season=2014
WR, Cameron Meredith,http://www.nfl.com/player/cameronmeredith/2553568/gamelogs?season=2014
WR, Carlton Mitchell,http://www.nfl.com/player/carltonmitchell/497310/gamelogs?season=2014
WR, Ifeanyi Momah,http://www.nfl.com/player/ifeanyimomah/2541096/gamelogs?season=2014
WR, Donte Moncrief,http://www.nfl.com/player/dontemoncrief/2543614/gamelogs?season=2014
WR, Ty Montgomery,http://www.nfl.com/player/tymontgomery/2552429/gamelogs?season=2014
WR, Denarius Moore,http://www.nfl.com/player/denariusmoore/2495315/gamelogs?season=2014
WR, Lance Moore,http://www.nfl.com/player/lancemoore/2506287/gamelogs?season=2014
WR, Marlon Moore,http://www.nfl.com/player/marlonmoore/2507902/gamelogs?season=2014
WR, Joseph Morgan,http://www.nfl.com/player/josephmorgan/2530720/gamelogs?season=2014
WR, Josh Morgan,http://www.nfl.com/player/joshmorgan/832/gamelogs?season=2014
WR, Keith Mumphery,http://www.nfl.com/player/keithmumphery/2552420/gamelogs?season=2014
WR, Louis Murphy,http://www.nfl.com/player/louismurphy/80670/gamelogs?season=2014
WR, Tyler Murphy,http://www.nfl.com/player/tylermurphy/2553729/gamelogs?season=2014
WR, J.J. Nelson,http://www.nfl.com/player/j.j.nelson/2552656/gamelogs?season=2014
WR, Jordy Nelson,http://www.nfl.com/player/jordynelson/1032/gamelogs?season=2014
WR, Hakeem Nicks,http://www.nfl.com/player/hakeemnicks/80672/gamelogs?season=2014
WR, Jordan Norwood,http://www.nfl.com/player/jordannorwood/71417/gamelogs?season=2014
WR, Kevin Norwood,http://www.nfl.com/player/kevinnorwood/2543689/gamelogs?season=2014
WR, Levi Norwood,http://www.nfl.com/player/levinorwood/2553575/gamelogs?season=2014
WR, Uzom Nwachukwu,http://www.nfl.com/player/uzomanwachukwu/2539942/gamelogs?season=2014
WR, Chris Owusu,http://www.nfl.com/player/chrisowusu/2532923/gamelogs?season=2014
WR, Nathan Palmer,http://www.nfl.com/player/nathanpalmer/2535681/gamelogs?season=2014
WR, Tobais Palmer,http://www.nfl.com/player/tobaispalmer/2541737/gamelogs?season=2014
WR, DeVante Parker,http://www.nfl.com/player/devanteparker/2552409/gamelogs?season=2014
WR, Preston Parker,http://www.nfl.com/player/prestonparker/497312/gamelogs?season=2014
WR, Cordarrelle Patterson,http://www.nfl.com/player/cordarrellepatterson/2540145/gamelogs?season=2014
WR, Quinton Patton,http://www.nfl.com/player/quintonpatton/2539250/gamelogs?season=2014
WR, Solomon Patton,http://www.nfl.com/player/solomonpatton/2550500/gamelogs?season=2014
WR, Andrew Peacock,http://www.nfl.com/player/andrewpeacock/2550240/gamelogs?season=2014
WR, Breshad Perriman,http://www.nfl.com/player/breshadperriman/2552597/gamelogs?season=2014
WR, Austin Pettis,http://www.nfl.com/player/austinpettis/2495212/gamelogs?season=2014
WR, Shakim Phillips,http://www.nfl.com/player/shakimphillips/2553904/gamelogs?season=2014
WR, Larry Pinkard,http://www.nfl.com/player/larrypinkard/2553584/gamelogs?season=2014
WR, David Porter,http://www.nfl.com/player/davidporter/2553906/gamelogs?season=2014
WR, DeVier Posey,http://www.nfl.com/player/devierposey/2532930/gamelogs?season=2014
WR, Damond Powell,http://www.nfl.com/player/damondpowell/2553758/gamelogs?season=2014
WR, Walt Powell,http://www.nfl.com/player/waltpowell/2543619/gamelogs?season=2014
WR, Kyle Prater,http://www.nfl.com/player/kyleprater/2553924/gamelogs?season=2014
WR, Quron Pratt,http://www.nfl.com/player/quronpratt/2550306/gamelogs?season=2014
WR, De'Andre Presley,http://www.nfl.com/player/de'andrepresley/2533346/gamelogs?season=2014
WR, Michael Preston,http://www.nfl.com/player/michaelpreston/2530798/gamelogs?season=2014
WR, Brian Quick,http://www.nfl.com/player/brianquick/2532933/gamelogs?season=2014
WR, Rueben Randle,http://www.nfl.com/player/ruebenrandle/2533533/gamelogs?season=2014
WR, Bernard Reedy,http://www.nfl.com/player/bernardreedy/2550246/gamelogs?season=2014
WR, Tevin Reese,http://www.nfl.com/player/tevinreese/2543698/gamelogs?season=2014
WR, Paul Richardson,http://www.nfl.com/player/paulrichardson/2543491/gamelogs?season=2014
WR, Rico Richardson,http://www.nfl.com/player/ricorichardson/2541881/gamelogs?season=2014
WR, Andre Roberts,http://www.nfl.com/player/andreroberts/497320/gamelogs?season=2014
WR, Seth Roberts,http://www.nfl.com/player/sethroberts/2550597/gamelogs?season=2014
WR, Aldrick Robinson,http://www.nfl.com/player/aldrickrobinson/2495331/gamelogs?season=2014
WR, Allen Robinson,http://www.nfl.com/player/allenrobinson/2543509/gamelogs?season=2014
WR, Daniel Rodriguez,http://www.nfl.com/player/danielrodriguez/2553845/gamelogs?season=2014
WR, Eli Rogers,http://www.nfl.com/player/elirogers/2553737/gamelogs?season=2014
WR, Jeremy Ross,http://www.nfl.com/player/jeremyross/2530598/gamelogs?season=2014
WR, Rashad Ross,http://www.nfl.com/player/rashadross/2541940/gamelogs?season=2014
WR, Eddie Royal,http://www.nfl.com/player/eddieroyal/1990/gamelogs?season=2014
WR, Ezell Ruffin,http://www.nfl.com/player/ezellruffin/2552414/gamelogs?season=2014
WR, Jonathon Rumph,http://www.nfl.com/player/jonathonrumph/2554030/gamelogs?season=2014
WR, Tyler Rutenbeck,http://www.nfl.com/player/tylerrutenbeck/2553485/gamelogs?season=2014
WR, Greg Salas,http://www.nfl.com/player/gregsalas/2495223/gamelogs?season=2014
WR, Emmanuel Sanders,http://www.nfl.com/player/emmanuelsanders/497322/gamelogs?season=2014
WR, Ace Sanders,http://www.nfl.com/player/acesanders/2540267/gamelogs?season=2014
WR, Mohamed Sanu,http://www.nfl.com/player/mohamedsanu/2533040/gamelogs?season=2014
WR, Jalen Saunders,http://www.nfl.com/player/jalensaunders/2543745/gamelogs?season=2014
WR, Ross Scheuerman,http://www.nfl.com/player/rossscheuerman/2553738/gamelogs?season=2014
WR, Russell Shepard,http://www.nfl.com/player/russellshepard/2541944/gamelogs?season=2014
WR, Jaxon Shipley,http://www.nfl.com/player/jaxonshipley/2553599/gamelogs?season=2014
WR, Cecil Shorts,http://www.nfl.com/player/cecilshorts/2495341/gamelogs?season=2014
WR, Jerome Simpson,http://www.nfl.com/player/jeromesimpson/318/gamelogs?season=2014
WR, Matthew Slater,http://www.nfl.com/player/matthewslater/4487/gamelogs?season=2014
WR, Tyler Slavin,http://www.nfl.com/player/tylerslavin/2553741/gamelogs?season=2014
WR, DeAndre Smelter,http://www.nfl.com/player/deandresmelter/2552627/gamelogs?season=2014
WR, Devin Smith,http://www.nfl.com/player/devinsmith/2553434/gamelogs?season=2014
WR, Torrey Smith,http://www.nfl.com/player/torreysmith/2495459/gamelogs?season=2014
WR, Jeret Smith,http://www.nfl.com/player/jeretsmith/2554144/gamelogs?season=2014
WR, Kevin Smith,http://www.nfl.com/player/kevinsmith/2550733/gamelogs?season=2014
WR, Rodney Smith,http://www.nfl.com/player/rodneysmith/2539674/gamelogs?season=2014
WR, Steve Smith,http://www.nfl.com/player/stevesmith/2504595/gamelogs?season=2014
WR, Willie Snead,http://www.nfl.com/player/williesnead/2550256/gamelogs?season=2014
WR, Ryan Spadola,http://www.nfl.com/player/ryanspadola/2540268/gamelogs?season=2014
WR, Evan Spencer,http://www.nfl.com/player/evanspencer/2553289/gamelogs?season=2014
WR, Neal Sterling,http://www.nfl.com/player/nealsterling/2553451/gamelogs?season=2014
WR, Josh Stewart,http://www.nfl.com/player/joshstewart/2550505/gamelogs?season=2014
WR, Kenny Stills,http://www.nfl.com/player/kennystills/2540202/gamelogs?season=2014
WR, Rod Streater,http://www.nfl.com/player/rodstreater/2535869/gamelogs?season=2014
WR, Devin Street,http://www.nfl.com/player/devinstreet/2543641/gamelogs?season=2014
WR, Tommy Streeter,http://www.nfl.com/player/tommystreeter/2533539/gamelogs?season=2014
WR, Jaelen Strong,http://www.nfl.com/player/jaelenstrong/2552463/gamelogs?season=2014
WR, Julian Talley,http://www.nfl.com/player/juliantalley/2534779/gamelogs?season=2014
WR, Andy Tanner,http://www.nfl.com/player/andytanner/2508031/gamelogs?season=2014
WR, Brandon Tate,http://www.nfl.com/player/brandontate/81306/gamelogs?season=2014
WR, Golden Tate,http://www.nfl.com/player/goldentate/497326/gamelogs?season=2014
WR, Jordan Taylor,http://www.nfl.com/player/jordantaylor/2553606/gamelogs?season=2014
WR, Adam Thielen,http://www.nfl.com/player/adamthielen/2541785/gamelogs?season=2014
WR, De'Anthony Thomas,http://www.nfl.com/player/de'anthonythomas/2543638/gamelogs?season=2014
WR, Demaryius Thomas,http://www.nfl.com/player/demaryiusthomas/497328/gamelogs?season=2014
WR, Kenbrell Thompkins,http://www.nfl.com/player/kenbrellthompkins/2539214/gamelogs?season=2014
WR, Deonte Thompson,http://www.nfl.com/player/deontethompson/2534436/gamelogs?season=2014
WR, Nick Toon,http://www.nfl.com/player/nicktoon/2532960/gamelogs?season=2014
WR, Andrew Turzilli,http://www.nfl.com/player/andrewturzilli/2553829/gamelogs?season=2014
WR, Brian Tyms,http://www.nfl.com/player/briantyms/2535522/gamelogs?season=2014
WR, Ify Umodu,http://www.nfl.com/player/ifyumodu/2554131/gamelogs?season=2014
WR, Mike Wallace,http://www.nfl.com/player/mikewallace/2507763/gamelogs?season=2014
WR, Darren Waller,http://www.nfl.com/player/darrenwaller/2552408/gamelogs?season=2014
WR, Bryan Walters,http://www.nfl.com/player/bryanwalters/2528181/gamelogs?season=2014
WR, Corey Washington,http://www.nfl.com/player/coreywashington/2550413/gamelogs?season=2014
WR, Tony Washington,http://www.nfl.com/player/tonywashington/2550415/gamelogs?season=2014
WR, Nate Washington,http://www.nfl.com/player/natewashington/2506313/gamelogs?season=2014
WR, Sammy Watkins,http://www.nfl.com/player/sammywatkins/2543457/gamelogs?season=2014
WR, Eric Weems,http://www.nfl.com/player/ericweems/2507029/gamelogs?season=2014
WR, Griff Whalen,http://www.nfl.com/player/griffwhalen/2535876/gamelogs?season=2014
WR, Markus Wheaton,http://www.nfl.com/player/markuswheaton/2539291/gamelogs?season=2014
WR, DeAndrew White,http://www.nfl.com/player/deandrewwhite/2552657/gamelogs?season=2014
WR, Kevin White,http://www.nfl.com/player/kevinwhite/2553432/gamelogs?season=2014
WR, Myles White,http://www.nfl.com/player/myleswhite/2541905/gamelogs?season=2014
WR, Roddy White,http://www.nfl.com/player/roddywhite/2506366/gamelogs?season=2014
WR, Lucky Whitehead,http://www.nfl.com/player/luckywhitehead/2553621/gamelogs?season=2014
WR, Damian Williams,http://www.nfl.com/player/damianwilliams/497336/gamelogs?season=2014
WR, Fred Williams,http://www.nfl.com/player/fredwilliams/2543534/gamelogs?season=2014
WR, Kasen Williams,http://www.nfl.com/player/kasenwilliams/2554138/gamelogs?season=2014
WR, Kyle Williams,http://www.nfl.com/player/kylewilliams/2508027/gamelogs?season=2014
WR, Milton Williams,http://www.nfl.com/player/miltonwilliams/2553785/gamelogs?season=2014
WR, Nick Williams,http://www.nfl.com/player/nickwilliams/2540279/gamelogs?season=2014
WR, Terrance Williams,http://www.nfl.com/player/terrancewilliams/2539205/gamelogs?season=2014
WR, Tyrell Williams,http://www.nfl.com/player/tyrellwilliams/2553913/gamelogs?season=2014
WR, Austin Willis,http://www.nfl.com/player/austinwillis/2553858/gamelogs?season=2014
WR, Albert Wilson,http://www.nfl.com/player/albertwilson/2550272/gamelogs?season=2014
WR, Demetrius Wilson,http://www.nfl.com/player/demetriuswilson/2553859/gamelogs?season=2014
WR, Marquess Wilson,http://www.nfl.com/player/marquesswilson/2540177/gamelogs?season=2014
WR, Robert Woods,http://www.nfl.com/player/robertwoods/2540169/gamelogs?season=2014
WR, Chandler Worthy,http://www.nfl.com/player/chandlerworthy/2553787/gamelogs?season=2014
WR, Cam Worthy,http://www.nfl.com/player/camworthy/2553628/gamelogs?season=2014
WR, James Wright,http://www.nfl.com/player/jameswright/2550162/gamelogs?season=2014
WR, Jarius Wright,http://www.nfl.com/player/jariuswright/2532978/gamelogs?season=2014
WR, Kendall Wright,http://www.nfl.com/player/kendallwright/2532977/gamelogs?season=2014
WR, Devon Wylie,http://www.nfl.com/player/devonwylie/2532979/gamelogs?season=2014
WR, Shane Wynn,http://www.nfl.com/player/shanewynn/2553630/gamelogs?season=2014
TE, Dwayne Allen,http://www.nfl.com/player/dwayneallen/2533046/gamelogs?season=2014
TE, RaShaun Allen,http://www.nfl.com/player/rashaunallen/2550608/gamelogs?season=2014
TE, Jace Amaro,http://www.nfl.com/player/jaceamaro/2543481/gamelogs?season=2014
TE, Rory Anderson,http://www.nfl.com/player/roryanderson/2553465/gamelogs?season=2014
TE, Blake Annen,http://www.nfl.com/player/blakeannen/2550278/gamelogs?season=2014
TE, David Ausberry,http://www.nfl.com/player/davidausberry/2499277/gamelogs?season=2014
TE, Kennard Backman,http://www.nfl.com/player/kennardbackman/2553292/gamelogs?season=2014
TE, Gary Barnidge,http://www.nfl.com/player/garybarnidge/1060/gamelogs?season=2014
TE, Alex Bayer,http://www.nfl.com/player/alexbayer/2550424/gamelogs?season=2014
TE, Blake Bell,http://www.nfl.com/player/blakebell/2552478/gamelogs?season=2014
TE, Martellus Bennett,http://www.nfl.com/player/martellusbennett/1062/gamelogs?season=2014
TE, Jake Bequette,http://www.nfl.com/player/jakebequette/2532791/gamelogs?season=2014
TE, E.J. Bibbs,http://www.nfl.com/player/e.j.bibbs/2553791/gamelogs?season=2014
TE, Rob Blanchflower,http://www.nfl.com/player/robblanchflower/2543728/gamelogs?season=2014
TE, Ted Bolser,http://www.nfl.com/player/tedbolser/2543810/gamelogs?season=2014
TE, Brandon Bostick,http://www.nfl.com/player/brandonbostick/2536342/gamelogs?season=2014
TE, Nick Boyle,http://www.nfl.com/player/nickboyle/2552402/gamelogs?season=2014
TE, Cameron Brate,http://www.nfl.com/player/cameronbrate/2550656/gamelogs?season=2014
TE, Richie Brockel,http://www.nfl.com/player/richiebrockel/2508020/gamelogs?season=2014
TE, Clay Burton,http://www.nfl.com/player/clayburton/2553498/gamelogs?season=2014
TE, Trey Burton,http://www.nfl.com/player/treyburton/2550284/gamelogs?season=2014
TE, Jordan Cameron,http://www.nfl.com/player/jordancameron/2495267/gamelogs?season=2014
TE, Derek Carrier,http://www.nfl.com/player/derekcarrier/2534241/gamelogs?season=2014
TE, James Casey,http://www.nfl.com/player/jamescasey/71247/gamelogs?season=2014
TE, Brent Celek,http://www.nfl.com/player/brentcelek/2507218/gamelogs?season=2014
TE, Garrett Celek,http://www.nfl.com/player/garrettcelek/2534820/gamelogs?season=2014
TE, Scott Chandler,http://www.nfl.com/player/scottchandler/2495573/gamelogs?season=2014
TE, Orson Charles,http://www.nfl.com/player/orsoncharles/2533047/gamelogs?season=2014
TE, Jamie Childers,http://www.nfl.com/player/jamiechilders/2535902/gamelogs?season=2014
TE, Gerald Christian,http://www.nfl.com/player/geraldchristian/2552462/gamelogs?season=2014
TE, Cameron Clear,http://www.nfl.com/player/cameronclear/2553700/gamelogs?season=2014
TE, Asante Cleveland,http://www.nfl.com/player/asantecleveland/2550454/gamelogs?season=2014
TE, Jared Cook,http://www.nfl.com/player/jaredcook/71265/gamelogs?season=2014
TE, Jeff Cumberland,http://www.nfl.com/player/jeffcumberland/2507883/gamelogs?season=2014
TE, Jerome Cunningham,http://www.nfl.com/player/jeromecunningham/2551359/gamelogs?season=2014
TE, Justice Cunningham,http://www.nfl.com/player/justicecunningham/2540257/gamelogs?season=2014
TE, Owen Daniels,http://www.nfl.com/player/owendaniels/2495825/gamelogs?season=2014
TE, Kellen Davis,http://www.nfl.com/player/kellendavis/2507486/gamelogs?season=2014
TE, Vernon Davis,http://www.nfl.com/player/vernondavis/2495826/gamelogs?season=2014
TE, Anthony Denham,http://www.nfl.com/player/anthonydenham/2550556/gamelogs?season=2014
TE, A.J. Derby,http://www.nfl.com/player/a.j.derby/2552580/gamelogs?season=2014
TE, Ed Dickson,http://www.nfl.com/player/eddickson/497224/gamelogs?season=2014
TE, Chase Dixon,http://www.nfl.com/player/chasedixon/2550467/gamelogs?season=2014
TE, Larry Donnell,http://www.nfl.com/player/larrydonnell/2537933/gamelogs?season=2014
TE, Jack Doyle,http://www.nfl.com/player/jackdoyle/2540232/gamelogs?season=2014
TE, Jim Dray,http://www.nfl.com/player/jimdray/497226/gamelogs?season=2014
TE, Eric Ebron,http://www.nfl.com/player/ericebron/2543466/gamelogs?season=2014
TE, Michael Egnew,http://www.nfl.com/player/michaelegnew/2532834/gamelogs?season=2014
TE, Tyler Eifert,http://www.nfl.com/player/tylereifert/2540148/gamelogs?season=2014
TE, Rhett Ellison,http://www.nfl.com/player/rhettellison/2532835/gamelogs?season=2014
TE, Zach Ertz,http://www.nfl.com/player/zachertz/2540158/gamelogs?season=2014
TE, Gavin Escobar,http://www.nfl.com/player/gavinescobar/2540211/gamelogs?season=2014
TE, Anthony Fasano,http://www.nfl.com/player/anthonyfasano/2495835/gamelogs?season=2014
TE, Joseph Fauria,http://www.nfl.com/player/josephfauria/2539327/gamelogs?season=2014
TE, Daniel Fells,http://www.nfl.com/player/danielfells/2506619/gamelogs?season=2014
TE, Darren Fells,http://www.nfl.com/player/darrenfells/2540928/gamelogs?season=2014
TE, C.J. Fiedorowicz,http://www.nfl.com/player/c.j.fiedorowicz/2543721/gamelogs?season=2014
TE, Coby Fleener,http://www.nfl.com/player/cobyfleener/2532838/gamelogs?season=2014
TE, Chase Ford,http://www.nfl.com/player/chaseford/2534244/gamelogs?season=2014
TE, Eric Frohnapfel,http://www.nfl.com/player/ericfrohnapfel/2553882/gamelogs?season=2014
TE, Thomas Gafford,http://www.nfl.com/player/thomasgafford/2506611/gamelogs?season=2014
TE, Beau Gardner,http://www.nfl.com/player/beaugardner/2553524/gamelogs?season=2014
TE, Antonio Gates,http://www.nfl.com/player/antoniogates/2505299/gamelogs?season=2014
TE, Crockett Gillmore,http://www.nfl.com/player/crockettgillmore/2543794/gamelogs?season=2014
TE, Andrew Gleichert,http://www.nfl.com/player/andrewgleichert/2553713/gamelogs?season=2014
TE, Richard Gordon,http://www.nfl.com/player/richardgordon/2499255/gamelogs?season=2014
TE, Chris Gragg,http://www.nfl.com/player/chrisgragg/2539202/gamelogs?season=2014
TE, Garrett Graham,http://www.nfl.com/player/garrettgraham/497234/gamelogs?season=2014
TE, Jimmy Graham,http://www.nfl.com/player/jimmygraham/497236/gamelogs?season=2014
TE, MarQueis Gray,http://www.nfl.com/player/marqueisgray/2540259/gamelogs?season=2014
TE, Ladarius Green,http://www.nfl.com/player/ladariusgreen/2532853/gamelogs?season=2014
TE, Virgil Green,http://www.nfl.com/player/virgilgreen/2495288/gamelogs?season=2014
TE, Ryan Griffin,http://www.nfl.com/player/ryangriffin/2541316/gamelogs?season=2014
TE, Xavier Grimble,http://www.nfl.com/player/xaviergrimble/2550521/gamelogs?season=2014
TE, Rob Gronkowski,http://www.nfl.com/player/robgronkowski/497240/gamelogs?season=2014
TE, Ray Hamilton,http://www.nfl.com/player/rayhamilton/2553532/gamelogs?season=2014
TE, Connor Hamlett,http://www.nfl.com/player/connorhamlett/2553771/gamelogs?season=2014
TE, Je'Ron Hamm,http://www.nfl.com/player/je'ronhamm/2550350/gamelogs?season=2014
TE, James Hanna,http://www.nfl.com/player/jameshanna/2533028/gamelogs?season=2014
TE, Kevin Haplea,http://www.nfl.com/player/kevinhaplea/2553887/gamelogs?season=2014
TE, Clay Harbor,http://www.nfl.com/player/clayharbor/497242/gamelogs?season=2014
TE, Cory Harkey,http://www.nfl.com/player/coryharkey/2533353/gamelogs?season=2014
TE, Demetrius Harris,http://www.nfl.com/player/demetriusharris/2541187/gamelogs?season=2014
TE, Cooper Helfet,http://www.nfl.com/player/cooperhelfet/2536071/gamelogs?season=2014
TE, Mitchell Henry,http://www.nfl.com/player/mitchellhenry/2553773/gamelogs?season=2014
TE, Jeff Heuerman,http://www.nfl.com/player/jeffheuerman/2552399/gamelogs?season=2014
TE, Ryan Hewitt,http://www.nfl.com/player/ryanhewitt/2550206/gamelogs?season=2014
TE, Josh Hill,http://www.nfl.com/player/joshhill/2541834/gamelogs?season=2014
TE, Gabe Holmes,http://www.nfl.com/player/gabeholmes/2553658/gamelogs?season=2014
TE, Michael Hoomanawanui,http://www.nfl.com/player/michaelhoomanawanui/497246/gamelogs?season=2014
TE, Rob Housler,http://www.nfl.com/player/robhousler/2508112/gamelogs?season=2014
TE, Emil Igwenagu,http://www.nfl.com/player/emiligwenagu/2532867/gamelogs?season=2014
TE, Nic Jacobs,http://www.nfl.com/player/nicjacobs/2550355/gamelogs?season=2014
TE, Jesse James,http://www.nfl.com/player/jessejames/2552633/gamelogs?season=2014
TE, Marcel Jensen,http://www.nfl.com/player/marceljensen/2550356/gamelogs?season=2014
TE, David Johnson,http://www.nfl.com/player/davidjohnson/79589/gamelogs?season=2014
TE, Malcolm Johnson,http://www.nfl.com/player/malcolmjohnson/2553446/gamelogs?season=2014
TE, Dominique Jones,http://www.nfl.com/player/dominiquejones/2535724/gamelogs?season=2014
TE, Travis Kelce,http://www.nfl.com/player/traviskelce/2540258/gamelogs?season=2014
TE, Lance Kendricks,http://www.nfl.com/player/lancekendricks/2495187/gamelogs?season=2014
TE, Ben Koyack,http://www.nfl.com/player/benkoyack/2552396/gamelogs?season=2014
TE, Tyler Kroft,http://www.nfl.com/player/tylerkroft/2552586/gamelogs?season=2014
TE, Matt LaCosse,http://www.nfl.com/player/mattlacosse/2553667/gamelogs?season=2014
TE, Khari Lee,http://www.nfl.com/player/kharilee/2553552/gamelogs?season=2014
TE, Matt Lengel,http://www.nfl.com/player/mattlengel/2553554/gamelogs?season=2014
TE, Brian Leonhardt,http://www.nfl.com/player/brianleonhardt/2541512/gamelogs?season=2014
TE, Marcedes Lewis,http://www.nfl.com/player/marcedeslewis/2495888/gamelogs?season=2014
TE, Arthur Lynch,http://www.nfl.com/player/arthurlynch/2543714/gamelogs?season=2014
TE, Devin Mahina,http://www.nfl.com/player/devinmahina/2553484/gamelogs?season=2014
TE, Steve Maneri,http://www.nfl.com/player/stevemaneri/2508014/gamelogs?season=2014
TE, Chris Manhertz,http://www.nfl.com/player/chrismanhertz/2552622/gamelogs?season=2014
TE, Anthony McCoy,http://www.nfl.com/player/anthonymccoy/497250/gamelogs?season=2014
TE, Vance McDonald,http://www.nfl.com/player/vancemcdonald/2540215/gamelogs?season=2014
TE, Mike McFarland,http://www.nfl.com/player/mikemcfarland/2553566/gamelogs?season=2014
TE, Sean McGrath,http://www.nfl.com/player/seanmcgrath/2535943/gamelogs?season=2014
TE, Heath Miller,http://www.nfl.com/player/heathmiller/2506369/gamelogs?season=2014
TE, Kyle Miller,http://www.nfl.com/player/kylemiller/2530718/gamelogs?season=2014
TE, Zach Miller,http://www.nfl.com/player/zachmiller/238457/gamelogs?season=2014
TE, Keavon Milton,http://www.nfl.com/player/keavonmilton/2541868/gamelogs?season=2014
TE, Tony Moeaki,http://www.nfl.com/player/tonymoeaki/497256/gamelogs?season=2014
TE, Matthew Mulligan,http://www.nfl.com/player/matthewmulligan/2507405/gamelogs?season=2014
TE, Jimmay Mundine,http://www.nfl.com/player/jimmaymundine/2554136/gamelogs?season=2014
TE, Jake Murphy,http://www.nfl.com/player/jakemurphy/2550588/gamelogs?season=2014
TE, Brandon Myers,http://www.nfl.com/player/brandonmyers/89766/gamelogs?season=2014
TE, Troy Niklas,http://www.nfl.com/player/troyniklas/2543628/gamelogs?season=2014
TE, Nick O'Leary,http://www.nfl.com/player/nicko'leary/2552403/gamelogs?season=2014
TE, James O'Shaughnessy,http://www.nfl.com/player/jameso'shaughnessy/2553318/gamelogs?season=2014
TE, Greg Olsen,http://www.nfl.com/player/gregolsen/2495700/gamelogs?season=2014
TE, Chris Pantale,http://www.nfl.com/player/chrispantale/2539208/gamelogs?season=2014
TE, Brian Parker,http://www.nfl.com/player/brianparker/2553840/gamelogs?season=2014
TE, Bear Pascoe,http://www.nfl.com/player/bearpascoe/79625/gamelogs?season=2014
TE, Niles Paul,http://www.nfl.com/player/nilespaul/2495211/gamelogs?season=2014
TE, Logan Paulsen,http://www.nfl.com/player/loganpaulsen/2507828/gamelogs?season=2014
TE, David Paulson,http://www.nfl.com/player/davidpaulson/2532924/gamelogs?season=2014
TE, Justin Perillo,http://www.nfl.com/player/justinperillo/2550243/gamelogs?season=2014
TE, John Peters,http://www.nfl.com/player/johnpeters/2553842/gamelogs?season=2014
TE, Brandon Pettigrew,http://www.nfl.com/player/brandonpettigrew/71431/gamelogs?season=2014
TE, John Phillips,http://www.nfl.com/player/johnphillips/71435/gamelogs?season=2014
TE, Casey Pierce,http://www.nfl.com/player/caseypierce/2553582/gamelogs?season=2014
TE, Dennis Pitta,http://www.nfl.com/player/dennispitta/497254/gamelogs?season=2014
TE, MyCole Pruitt,http://www.nfl.com/player/mycolepruitt/2552401/gamelogs?season=2014
TE, Andrew Quarless,http://www.nfl.com/player/andrewquarless/497258/gamelogs?season=2014
TE, Jordan Reed,http://www.nfl.com/player/jordanreed/2540160/gamelogs?season=2014
TE, Allen Reisner,http://www.nfl.com/player/allenreisner/2495437/gamelogs?season=2014
TE, Konrad Reuland,http://www.nfl.com/player/konradreuland/2530540/gamelogs?season=2014
TE, Mychal Rivera,http://www.nfl.com/player/mychalrivera/2539995/gamelogs?season=2014
TE, Adrien Robinson,http://www.nfl.com/player/adrienrobinson/2534752/gamelogs?season=2014
TE, Gerell Robinson,http://www.nfl.com/player/gerellrobinson/2532941/gamelogs?season=2014
TE, Richard Rodgers,http://www.nfl.com/player/richardrodgers/2550313/gamelogs?season=2014
TE, Evan Rodriguez,http://www.nfl.com/player/evanrodriguez/2532991/gamelogs?season=2014
TE, Dante Rosario,http://www.nfl.com/player/danterosario/2495724/gamelogs?season=2014
TE, Kyle Rudolph,http://www.nfl.com/player/kylerudolph/2495438/gamelogs?season=2014
TE, Wes Saxton,http://www.nfl.com/player/wessaxton/2553682/gamelogs?season=2014
TE, Adam Schiltz,http://www.nfl.com/player/adamschiltz/2542159/gamelogs?season=2014
TE, Austin Seferian-Jenkins,http://www.nfl.com/player/austinseferian-jenkins/2543683/gamelogs?season=2014
TE, Tim Semisch,http://www.nfl.com/player/timsemisch/2553847/gamelogs?season=2014
TE, Mickey Shuler,http://www.nfl.com/player/mickeyshuler/2508064/gamelogs?season=2014
TE, Scott Simonson,http://www.nfl.com/player/scottsimonson/2550599/gamelogs?season=2014
TE, Dion Sims,http://www.nfl.com/player/dionsims/2540200/gamelogs?season=2014
TE, Gannon Sinclair,http://www.nfl.com/player/gannonsinclair/2553760/gamelogs?season=2014
TE, Justin Sinz,http://www.nfl.com/player/justinsinz/2553477/gamelogs?season=2014
TE, Brad Smelley,http://www.nfl.com/player/bradsmelley/2534232/gamelogs?season=2014
TE, Lee Smith,http://www.nfl.com/player/leesmith/2495347/gamelogs?season=2014
TE, Matt Spaeth,http://www.nfl.com/player/mattspaeth/2507182/gamelogs?season=2014
TE, Harold Spears,http://www.nfl.com/player/haroldspears/2553825/gamelogs?season=2014
TE, Craig Stevens,http://www.nfl.com/player/craigstevens/1992/gamelogs?season=2014
TE, Luke Stocker,http://www.nfl.com/player/lukestocker/2495234/gamelogs?season=2014
TE, Jake Stoneburner,http://www.nfl.com/player/jakestoneburner/2539283/gamelogs?season=2014
TE, Zach Sudfeld,http://www.nfl.com/player/zachsudfeld/2541151/gamelogs?season=2014
TE, Phillip Supernaw,http://www.nfl.com/player/phillipsupernaw/2535535/gamelogs?season=2014
TE, Geoff Swaim,http://www.nfl.com/player/geoffswaim/2553454/gamelogs?season=2014
TE, Erik Swoope,http://www.nfl.com/player/erikswoope/2550405/gamelogs?season=2014
TE, Jack Tabb,http://www.nfl.com/player/jacktabb/2553827/gamelogs?season=2014
TE, Jacob Tamme,http://www.nfl.com/player/jacobtamme/324/gamelogs?season=2014
TE, Ryan Taylor,http://www.nfl.com/player/ryantaylor/2508137/gamelogs?season=2014
TE, Randall Telfer,http://www.nfl.com/player/randalltelfer/2552660/gamelogs?season=2014
TE, Julius Thomas,http://www.nfl.com/player/juliusthomas/2495353/gamelogs?season=2014
TE, Jordan Thompson,http://www.nfl.com/player/jordanthompson/2550075/gamelogs?season=2014
TE, Levine Toilolo,http://www.nfl.com/player/levinetoilolo/2540203/gamelogs?season=2014
TE, Eric Tomlinson,http://www.nfl.com/player/erictomlinson/2553744/gamelogs?season=2014
TE, Justin Tukes,http://www.nfl.com/player/justintukes/2553746/gamelogs?season=2014
TE, Will Tye,http://www.nfl.com/player/willtye/2553830/gamelogs?season=2014
TE, C.J. Uzomah,http://www.nfl.com/player/c.j.uzomah/2552559/gamelogs?season=2014
TE, Brian Vogler,http://www.nfl.com/player/brianvogler/2553613/gamelogs?season=2014
TE, Clive Walford,http://www.nfl.com/player/clivewalford/2552397/gamelogs?season=2014
TE, Delanie Walker,http://www.nfl.com/player/delaniewalker/2495966/gamelogs?season=2014
TE, Benjamin Watson,http://www.nfl.com/player/benjaminwatson/2506122/gamelogs?season=2014
TE, Tevin Westbrook,http://www.nfl.com/player/tevinwestbrook/2553928/gamelogs?season=2014
TE, Brandon Williams,http://www.nfl.com/player/brandonwilliams/2539645/gamelogs?season=2014
TE, Maxx Williams,http://www.nfl.com/player/maxxwilliams/2552468/gamelogs?season=2014
TE, Luke Willson,http://www.nfl.com/player/lukewillson/2541199/gamelogs?season=2014
TE, Jason Witten,http://www.nfl.com/player/jasonwitten/2505629/gamelogs?season=2014
TE, Timothy Wright,http://www.nfl.com/player/timothywright/2541768/gamelogs?season=2014
K, Corey Acosta,http://www.nfl.com/player/coreyacosta/2554139/gamelogs?season=2014
K, Dan Bailey,http://www.nfl.com/player/danbailey/2495259/gamelogs?season=2014
K, Connor Barth,http://www.nfl.com/player/connorbarth/2507463/gamelogs?season=2014
K, Brandon Bogotay,http://www.nfl.com/player/brandonbogotay/2541104/gamelogs?season=2014
K, Chris Boswell,http://www.nfl.com/player/chrisboswell/2550545/gamelogs?season=2014
K, Kyle Brindza,http://www.nfl.com/player/kylebrindza/2553497/gamelogs?season=2014
K, Josh Brown,http://www.nfl.com/player/joshbrown/2505459/gamelogs?season=2014
K, Matt Bryant,http://www.nfl.com/player/mattbryant/2504797/gamelogs?season=2014
K, Randy Bullock,http://www.nfl.com/player/randybullock/2533444/gamelogs?season=2014
K, Dan Carpenter,http://www.nfl.com/player/dancarpenter/2507401/gamelogs?season=2014
K, Chandler Catanzaro,http://www.nfl.com/player/chandlercatanzaro/2550325/gamelogs?season=2014
K, Travis Coons,http://www.nfl.com/player/traviscoons/2550551/gamelogs?season=2014
K, Mason Crosby,http://www.nfl.com/player/masoncrosby/2507232/gamelogs?season=2014
K, Phil Dawson,http://www.nfl.com/player/phildawson/2500351/gamelogs?season=2014
K, Nick Folk,http://www.nfl.com/player/nickfolk/2507225/gamelogs?season=2014
K, Kai Forbath,http://www.nfl.com/player/kaiforbath/2495150/gamelogs?season=2014
K, Andrew Franks,http://www.nfl.com/player/andrewfranks/2553648/gamelogs?season=2014
K, Andrew Furney,http://www.nfl.com/player/andrewfurney/2550932/gamelogs?season=2014
K, Graham Gano,http://www.nfl.com/player/grahamgano/71309/gamelogs?season=2014
K, Jordan Gay,http://www.nfl.com/player/jordangay/2542060/gamelogs?season=2014
K, Stephen Gostkowski,http://www.nfl.com/player/stephengostkowski/2506922/gamelogs?season=2014
K, Robbie Gould,http://www.nfl.com/player/robbiegould/2506264/gamelogs?season=2014
K, Steven Hauschka,http://www.nfl.com/player/stevenhauschka/2507374/gamelogs?season=2014
K, Zach Hocker,http://www.nfl.com/player/zachhocker/2543781/gamelogs?season=2014
K, Dustin Hopkins,http://www.nfl.com/player/dustinhopkins/2539227/gamelogs?season=2014
K, Sebastian Janikowski,http://www.nfl.com/player/sebastianjanikowski/2504257/gamelogs?season=2014
K, Josh Lambo,http://www.nfl.com/player/joshlambo/2553833/gamelogs?season=2014
K, Ty Long,http://www.nfl.com/player/tylong/2553555/gamelogs?season=2014
K, Justin Manton,http://www.nfl.com/player/justinmanton/2553561/gamelogs?season=2014
K, Brandon McManus,http://www.nfl.com/player/brandonmcmanus/2541556/gamelogs?season=2014
K, Mike Meyer,http://www.nfl.com/player/mikemeyer/2553835/gamelogs?season=2014
K, Patrick Murray,http://www.nfl.com/player/patrickmurray/2543533/gamelogs?season=2014
K, Jason Myers,http://www.nfl.com/player/jasonmyers/2553112/gamelogs?season=2014
K, Nick Novak,http://www.nfl.com/player/nicknovak/2506194/gamelogs?season=2014
K, Mike Nugent,http://www.nfl.com/player/mikenugent/2506386/gamelogs?season=2014
K, Tom Obarski,http://www.nfl.com/player/tomobarski/2553576/gamelogs?season=2014
K, Cody Parkey,http://www.nfl.com/player/codyparkey/2550380/gamelogs?season=2014
K, Matt Prater,http://www.nfl.com/player/mattprater/2506677/gamelogs?season=2014
K, Cairo Santos,http://www.nfl.com/player/cairosantos/2550636/gamelogs?season=2014
K, Josh Scobee,http://www.nfl.com/player/joshscobee/2506063/gamelogs?season=2014
K, Carey Spear,http://www.nfl.com/player/careyspear/2550310/gamelogs?season=2014
K, Caleb Sturgis,http://www.nfl.com/player/calebsturgis/2539637/gamelogs?season=2014
K, Ryan Succop,http://www.nfl.com/player/ryansuccop/89802/gamelogs?season=2014
K, Shaun Suisham,http://www.nfl.com/player/shaunsuisham/2506149/gamelogs?season=2014
K, Giorgio Tavecchio,http://www.nfl.com/player/giorgiotavecchio/2535686/gamelogs?season=2014
K, Justin Tucker,http://www.nfl.com/player/justintucker/2536340/gamelogs?season=2014
K, Adam Vinatieri,http://www.nfl.com/player/adamvinatieri/2503471/gamelogs?season=2014
K, Blair Walsh,http://www.nfl.com/player/blairwalsh/2532968/gamelogs?season=2014
K, Greg Zuerlein,http://www.nfl.com/player/gregzuerlein/2534797/gamelogs?season=2014
